,price_lag_1,price_lag_7,price_lag_15,price_lag_30,dow_sin,dow_cos,month_sin,month_cos,dom_sin,dom_cos,is_1st,is_15th,is_16th,is_month_end,days_to_month_end,is_holiday,usd_try_rate,usd_try_rate_change,usd_try_change_7d,usd_try_change_30d,brent_try,brent_try_change_7d,brent_try_change_30d,tuik_food_mom_last,tuik_headline_mom_last,tuik_food_3m_cum,days_since_tuik_release,price_7d_mean,price_7d_std,price_30d_mean,price_momentum_7d,ratio_lag1_mean30,days_since_change,n_changes_30d,n_changes_60d,last_change_size,shelf_price_lag1,shelf_to_base_lag1,on_sale_lag1,sale_depth_lag1,days_in_sale_lag1,n_sale_days_60d,log_unit_price_lag1,rel_unit_price_lag1,store_reprice_share_1d,store_reprice_share_7d,cat_reprice_share_1d,cat_reprice_share_7d,web_cat_infl_30d,web_store_infl_30d,target_pct_change
price_lag_1,1.0,0.998,0.995,0.993,0.001,0.002,-0.041,-0.034,-0.001,-0.0,-0.005,-0.001,-0.001,-0.003,-0.002,-0.001,0.05,0.005,0.029,0.041,0.022,-0.009,-0.02,-0.046,-0.053,-0.027,0.002,0.999,0.016,0.998,0.024,0.063,0.011,0.043,0.046,0.072,0.992,-0.064,0.059,-0.066,0.059,0.116,0.236,0.308,-0.004,-0.001,-0.161,-0.11,0.106,-0.018,-0.032
price_lag_7,0.998,1.0,0.997,0.993,0.002,0.002,-0.049,-0.029,-0.009,0.002,-0.004,-0.001,-0.002,-0.003,-0.013,0.001,0.052,-0.001,0.028,0.041,0.022,-0.012,-0.022,-0.049,-0.055,-0.029,0.01,0.999,-0.023,0.999,-0.024,0.04,0.017,0.025,0.032,0.052,0.989,-0.072,0.066,-0.074,0.066,0.128,0.236,0.306,-0.009,-0.015,-0.169,-0.141,0.112,-0.027,-0.023
price_lag_15,0.995,0.997,1.0,0.994,-0.0,-0.0,-0.052,-0.018,-0.006,0.011,0.002,-0.006,-0.002,0.002,-0.002,-0.001,0.053,0.003,0.032,0.044,0.026,-0.01,-0.025,-0.051,-0.053,-0.028,0.011,0.996,-0.017,0.999,-0.028,0.004,0.021,0.006,0.018,0.037,0.986,-0.08,0.073,-0.081,0.072,0.145,0.235,0.303,-0.004,0.006,-0.154,-0.137,0.118,-0.027,-0.006
price_lag_30,0.993,0.993,0.994,1.0,-0.005,-0.002,-0.06,-0.003,0.002,-0.006,0.001,-0.001,-0.001,0.002,0.006,0.004,0.057,0.009,0.029,0.049,0.021,0.005,-0.016,-0.059,-0.061,-0.03,-0.001,0.993,-0.006,0.996,-0.008,-0.019,0.026,-0.021,0.005,0.022,0.986,-0.041,0.035,-0.043,0.035,0.152,0.231,0.299,-0.011,0.005,-0.154,-0.108,0.121,-0.013,-0.015
dow_sin,0.001,0.002,-0.0,-0.005,1.0,0.201,0.035,0.012,-0.005,-0.035,0.055,0.077,0.104,0.036,-0.003,-0.123,-0.034,-0.357,0.066,-0.225,-0.072,0.062,-0.025,0.045,-0.002,-0.027,-0.012,0.0,-0.004,-0.001,0.007,-0.002,-0.003,0.009,0.006,0.009,0.001,-0.005,0.006,-0.006,0.008,-0.008,0.003,0.002,0.237,-0.028,0.131,-0.02,0.077,0.089,0.019
dow_cos,0.002,0.002,-0.0,-0.002,0.201,1.0,0.049,-0.006,0.006,0.028,-0.045,0.078,0.031,0.094,-0.072,-0.179,-0.009,0.213,-0.12,-0.171,0.008,-0.0,-0.084,-0.007,0.014,0.032,0.031,0.006,-0.004,0.001,0.007,0.001,-0.002,0.006,0.005,0.002,0.0,-0.011,0.01,-0.013,0.013,0.006,0.002,0.004,-0.311,-0.027,-0.246,-0.03,0.056,0.079,0.01
month_sin,-0.041,-0.049,-0.052,-0.06,0.035,0.049,1.0,0.362,0.05,-0.078,-0.025,0.03,0.031,-0.037,0.041,0.162,-0.863,-0.082,-0.47,-0.764,-0.379,0.234,0.37,0.938,0.817,0.581,-0.123,-0.045,0.004,-0.055,0.015,0.026,-0.493,0.074,0.076,0.127,-0.047,-0.049,0.05,-0.044,0.051,0.031,-0.017,0.007,0.084,0.0,0.05,-0.002,0.401,0.513,-0.041
month_cos,-0.034,-0.029,-0.018,-0.003,0.012,-0.006,0.362,1.0,0.03,-0.031,-0.015,0.02,0.019,0.083,-0.014,0.013,-0.46,0.028,-0.217,-0.302,-0.069,0.299,0.62,0.41,0.604,-0.134,-0.07,-0.032,0.013,-0.016,0.018,0.046,-0.428,0.047,-0.056,0.073,-0.033,-0.002,0.003,-0.007,0.005,-0.128,-0.02,-0.001,-0.045,-0.069,-0.023,-0.047,0.476,0.548,-0.011
dom_sin,-0.001,-0.009,-0.006,0.002,-0.005,0.006,0.05,0.03,1.0,0.056,0.073,0.037,0.011,-0.011,0.719,-0.193,-0.099,0.025,-0.216,-0.112,-0.054,0.063,0.174,0.024,0.057,0.164,-0.408,-0.006,0.062,-0.002,0.068,-0.041,-0.079,0.015,0.026,0.035,-0.003,-0.023,0.023,-0.015,0.021,0.002,0.007,0.003,0.08,0.197,0.074,0.191,-0.03,-0.016,-0.034
dom_cos,-0.0,0.002,0.011,-0.006,-0.035,0.028,-0.078,-0.031,0.056,1.0,0.338,-0.267,-0.281,0.28,-0.038,-0.017,0.063,-0.114,-0.063,0.068,0.124,-0.063,-0.009,0.004,0.007,-0.146,0.662,0.0,0.009,0.011,0.012,-0.045,0.032,-0.04,-0.038,-0.017,0.003,0.029,-0.029,0.033,-0.028,-0.012,-0.004,-0.001,-0.201,-0.124,-0.137,-0.082,-0.219,-0.287,0.003
is_1st,-0.005,-0.004,0.002,0.001,0.055,-0.045,-0.025,-0.015,0.073,0.338,1.0,-0.035,-0.035,-0.04,0.348,0.143,0.01,0.151,0.076,0.045,0.103,0.055,-0.035,0.021,0.047,-0.028,0.277,-0.004,-0.027,0.001,-0.024,-0.031,-0.002,-0.028,-0.023,-0.012,-0.003,0.017,-0.016,0.035,-0.011,-0.008,-0.003,-0.002,-0.116,-0.149,-0.086,-0.118,-0.148,-0.165,0.034
is_15th,-0.001,-0.001,-0.006,-0.001,0.077,0.078,0.03,0.02,0.037,-0.267,-0.035,1.0,-0.028,-0.032,0.037,-0.044,-0.013,-0.032,-0.015,-0.037,-0.003,0.008,0.015,0.012,0.017,0.049,-0.119,-0.001,-0.014,-0.004,-0.015,0.0,-0.008,0.012,0.013,0.003,-0.001,-0.003,0.003,-0.006,0.008,-0.001,0.001,-0.001,0.177,-0.033,0.108,-0.041,0.066,0.096,0.005
is_16th,-0.001,-0.002,-0.002,-0.001,0.104,0.031,0.031,0.019,0.011,-0.281,-0.035,-0.028,1.0,-0.032,0.022,-0.044,-0.008,0.018,0.09,-0.066,0.006,0.075,0.027,0.013,0.017,0.051,-0.103,-0.001,-0.009,-0.004,-0.013,0.003,-0.006,0.014,0.016,0.002,-0.002,-0.007,0.007,-0.011,0.008,0.006,0.002,-0.0,0.035,-0.034,0.054,-0.031,0.064,0.092,0.002
is_month_end,-0.003,-0.003,0.002,0.002,0.036,0.094,-0.037,0.083,-0.011,0.28,-0.04,-0.032,-0.032,1.0,-0.32,-0.05,-0.021,-0.094,-0.07,-0.082,-0.011,-0.009,0.017,0.011,0.036,-0.115,0.224,-0.001,-0.021,0.003,-0.018,-0.021,-0.018,-0.019,-0.035,-0.008,0.0,0.024,-0.024,0.022,-0.021,-0.039,-0.005,-0.001,-0.205,-0.068,-0.155,-0.071,-0.038,-0.057,0.008
days_to_month_end,-0.002,-0.013,-0.002,0.006,-0.003,-0.072,0.041,-0.014,0.719,-0.038,0.348,0.037,0.022,-0.32,1.0,-0.048,-0.078,0.038,-0.027,-0.019,-0.04,0.113,0.089,0.033,0.062,0.149,-0.279,-0.007,0.072,-0.002,0.076,-0.036,-0.072,0.012,0.025,0.032,-0.004,-0.022,0.022,-0.011,0.015,0.019,0.006,0.002,0.205,0.269,0.163,0.252,-0.043,-0.01,-0.038
is_holiday,-0.001,0.001,-0.001,0.004,-0.123,-0.179,0.162,0.013,-0.193,-0.017,0.143,-0.044,-0.044,-0.05,-0.048,1.0,-0.091,-0.026,0.04,0.021,0.136,0.157,0.145,0.168,0.101,0.08,0.074,0.0,-0.017,-0.006,-0.02,0.022,-0.035,0.03,0.011,0.012,-0.003,-0.019,0.02,-0.006,0.019,0.025,-0.001,0.002,-0.103,-0.078,-0.069,-0.086,0.152,0.196,-0.022
usd_try_rate,0.05,0.052,0.053,0.057,-0.034,-0.009,-0.863,-0.46,-0.099,0.063,0.01,-0.013,-0.008,-0.021,-0.078,-0.091,1.0,0.135,0.577,0.813,0.594,-0.23,-0.335,-0.921,-0.906,-0.44,0.172,0.05,-0.027,0.054,-0.044,-0.023,0.635,-0.018,0.002,-0.129,0.05,0.007,-0.008,0.002,-0.006,0.063,0.021,-0.007,-0.147,-0.175,-0.098,-0.149,-0.189,-0.285,0.031
usd_try_rate_change,0.005,-0.001,0.003,0.009,-0.357,0.213,-0.082,0.028,0.025,-0.114,0.151,-0.032,0.018,-0.094,0.038,-0.026,0.135,1.0,0.24,0.284,0.088,-0.027,-0.053,-0.138,-0.076,-0.005,-0.137,0.002,-0.0,0.006,-0.008,-0.001,0.058,-0.002,0.011,-0.011,0.004,-0.009,0.009,-0.001,0.012,0.006,0.003,0.001,-0.175,0.022,-0.119,0.025,-0.014,-0.041,0.021
usd_try_change_7d,0.029,0.028,0.032,0.029,0.066,-0.12,-0.47,-0.217,-0.216,-0.063,0.076,-0.015,0.09,-0.07,-0.027,0.04,0.577,0.24,1.0,0.639,0.359,0.074,-0.185,-0.478,-0.455,-0.216,0.146,0.027,-0.004,0.033,-0.016,0.016,0.342,0.018,0.018,-0.073,0.027,-0.02,0.019,-0.019,0.018,0.054,0.015,-0.003,-0.066,-0.006,-0.038,-0.007,-0.003,-0.003,-0.004
usd_try_change_30d,0.041,0.041,0.044,0.049,-0.225,-0.171,-0.764,-0.302,-0.112,0.068,0.045,-0.037,-0.066,-0.082,-0.019,0.021,0.813,0.284,0.639,1.0,0.504,-0.038,-0.171,-0.783,-0.743,-0.518,0.104,0.04,-0.009,0.048,-0.024,-0.003,0.478,-0.036,-0.053,-0.113,0.043,0.025,-0.026,0.022,-0.026,-0.014,0.017,-0.007,-0.064,-0.06,-0.037,-0.043,-0.194,-0.272,0.036
brent_try,0.022,0.022,0.026,0.021,-0.072,0.008,-0.379,-0.069,-0.054,0.124,0.103,-0.003,0.006,-0.011,-0.04,0.136,0.594,0.088,0.359,0.504,1.0,0.129,0.345,-0.381,-0.336,-0.118,0.2,0.021,-0.052,0.025,-0.085,-0.017,0.374,0.062,0.06,-0.05,0.016,-0.055,0.055,-0.053,0.06,0.126,0.009,-0.005,-0.227,-0.382,-0.136,-0.333,0.259,0.211,-0.025
brent_try_change_7d,-0.009,-0.012,-0.01,0.005,0.062,-0.0,0.234,0.299,0.063,-0.063,0.055,0.008,0.075,-0.009,0.113,0.157,-0.23,-0.027,0.074,-0.038,0.129,1.0,0.39,0.283,0.254,-0.039,-0.108,-0.01,0.006,-0.007,0.006,0.022,-0.193,0.042,-0.023,0.02,-0.014,-0.039,0.038,-0.028,0.04,-0.066,0.001,0.0,-0.052,-0.106,-0.046,-0.049,0.23,0.293,-0.015
brent_try_change_30d,-0.02,-0.022,-0.025,-0.016,-0.025,-0.084,0.37,0.62,0.174,-0.009,-0.035,0.015,0.027,0.017,0.089,0.145,-0.335,-0.053,-0.185,-0.171,0.345,0.39,1.0,0.45,0.433,-0.097,-0.161,-0.021,-0.016,-0.025,-0.026,0.023,-0.24,0.073,-0.025,0.068,-0.023,-0.042,0.044,-0.045,0.046,-0.068,-0.008,-0.002,-0.088,-0.206,-0.036,-0.173,0.554,0.601,-0.017
tuik_food_mom_last,-0.046,-0.049,-0.051,-0.059,0.045,-0.007,0.938,0.41,0.024,0.004,0.021,0.012,0.013,0.011,0.033,0.168,-0.921,-0.138,-0.478,-0.783,-0.381,0.283,0.45,1.0,0.886,0.502,-0.012,-0.048,-0.003,-0.054,0.006,0.018,-0.546,0.055,0.041,0.126,-0.05,-0.035,0.036,-0.029,0.037,-0.001,-0.019,0.006,0.063,-0.016,0.044,-0.016,0.333,0.444,-0.047
tuik_headline_mom_last,-0.053,-0.055,-0.053,-0.061,-0.002,0.014,0.817,0.604,0.057,0.007,0.047,0.017,0.017,0.036,0.062,0.101,-0.906,-0.076,-0.455,-0.743,-0.336,0.254,0.433,0.886,1.0,0.515,-0.029,-0.054,0.012,-0.056,0.018,0.021,-0.618,0.056,0.041,0.14,-0.057,-0.037,0.038,-0.032,0.038,0.004,-0.024,0.006,0.056,0.035,0.043,0.029,0.354,0.461,-0.064
tuik_food_3m_cum,-0.027,-0.029,-0.028,-0.03,-0.027,0.032,0.581,-0.134,0.164,-0.146,-0.028,0.049,0.051,-0.115,0.149,0.08,-0.44,-0.005,-0.216,-0.518,-0.118,-0.039,-0.097,0.502,0.515,1.0,-0.195,-0.028,-0.001,-0.033,-0.007,-0.018,-0.219,0.086,0.209,0.086,-0.037,-0.094,0.093,-0.083,0.094,0.251,-0.007,0.008,0.094,0.038,0.073,0.017,0.17,0.244,-0.11
days_since_tuik_release,0.002,0.01,0.011,-0.001,-0.012,0.031,-0.123,-0.07,-0.408,0.662,0.277,-0.119,-0.103,0.224,-0.279,0.074,0.172,-0.137,0.146,0.104,0.2,-0.108,-0.161,-0.012,-0.029,-0.195,1.0,0.005,-0.049,0.008,-0.057,-0.015,0.115,-0.031,-0.026,-0.036,0.005,0.036,-0.036,0.033,-0.034,0.023,-0.005,-0.003,-0.2,-0.329,-0.153,-0.281,-0.152,-0.185,0.004
price_7d_mean,0.999,0.999,0.996,0.993,0.0,0.006,-0.045,-0.032,-0.006,0.0,-0.004,-0.001,-0.001,-0.001,-0.007,0.0,0.05,0.002,0.027,0.04,0.021,-0.01,-0.021,-0.048,-0.054,-0.028,0.005,1.0,-0.001,0.999,0.001,0.052,0.013,0.035,0.039,0.062,0.991,-0.068,0.062,-0.07,0.062,0.121,0.237,0.307,-0.008,-0.011,-0.163,-0.126,0.109,-0.023,-0.028
price_7d_std,0.016,-0.023,-0.017,-0.006,-0.004,-0.004,0.004,0.013,0.062,0.009,-0.027,-0.014,-0.009,-0.021,0.072,-0.017,-0.027,-0.0,-0.004,-0.009,-0.052,0.006,-0.016,-0.003,0.012,-0.001,-0.049,-0.001,1.0,-0.011,0.723,0.33,-0.36,0.475,0.394,-0.032,0.023,0.055,-0.055,0.053,-0.057,0.032,-0.024,-0.019,0.054,0.13,0.056,0.148,0.003,0.004,0.069
price_30d_mean,0.998,0.999,0.999,0.996,-0.001,0.001,-0.055,-0.016,-0.002,0.011,0.001,-0.004,-0.004,0.003,-0.002,-0.006,0.054,0.006,0.033,0.048,0.025,-0.007,-0.025,-0.054,-0.056,-0.033,0.008,0.999,-0.011,1.0,-0.016,0.016,0.016,0.013,0.023,0.045,0.989,-0.074,0.067,-0.076,0.067,0.14,0.235,0.304,-0.006,0.003,-0.155,-0.137,0.12,-0.027,-0.009
price_momentum_7d,0.024,-0.024,-0.028,-0.008,0.007,0.007,0.015,0.018,0.068,0.012,-0.024,-0.015,-0.013,-0.018,0.076,-0.02,-0.044,-0.008,-0.016,-0.024,-0.085,0.006,-0.026,0.006,0.018,-0.007,-0.057,0.001,0.723,-0.016,1.0,0.505,-0.335,0.415,0.339,0.07,0.03,0.051,-0.051,0.048,-0.053,-0.045,-0.011,0.0,0.051,0.159,0.047,0.176,0.001,0.002,-0.095
ratio_lag1_mean30,0.063,0.04,0.004,-0.019,-0.002,0.001,0.026,0.046,-0.041,-0.045,-0.031,0.0,0.003,-0.021,-0.036,0.022,-0.023,-0.001,0.016,-0.003,-0.017,0.022,0.023,0.018,0.021,-0.018,-0.015,0.052,0.33,0.016,0.505,1.0,-0.533,0.829,0.661,0.197,0.057,-0.044,0.043,-0.042,0.04,-0.007,-0.014,0.013,0.008,0.019,0.009,0.024,0.072,0.079,-0.136
days_since_change,0.011,0.017,0.021,0.026,-0.003,-0.002,-0.493,-0.428,-0.079,0.032,-0.002,-0.008,-0.006,-0.018,-0.072,-0.035,0.635,0.058,0.342,0.478,0.374,-0.193,-0.24,-0.546,-0.618,-0.219,0.115,0.013,-0.36,0.016,-0.335,-0.533,1.0,-0.468,-0.391,0.015,0.011,0.002,-0.002,-0.001,0.0,0.029,0.024,0.015,-0.094,-0.141,-0.094,-0.148,-0.22,-0.218,0.035
n_changes_30d,0.043,0.025,0.006,-0.021,0.009,0.006,0.074,0.047,0.015,-0.04,-0.028,0.012,0.014,-0.019,0.012,0.03,-0.018,-0.002,0.018,-0.036,0.062,0.042,0.073,0.055,0.056,0.086,-0.031,0.035,0.475,0.013,0.415,0.829,-0.468,1.0,0.831,-0.016,0.036,-0.072,0.073,-0.07,0.072,0.12,-0.027,-0.015,0.004,-0.012,0.013,0.0,0.139,0.156,-0.018
n_changes_60d,0.046,0.032,0.018,0.005,0.006,0.005,0.076,-0.056,0.026,-0.038,-0.023,0.013,0.016,-0.035,0.025,0.011,0.002,0.011,0.018,-0.053,0.06,-0.023,-0.025,0.041,0.041,0.209,-0.026,0.039,0.394,0.023,0.339,0.661,-0.391,0.831,1.0,0.022,0.036,-0.103,0.104,-0.1,0.104,0.214,-0.033,-0.03,0.013,-0.026,0.012,-0.017,0.074,0.088,-0.03
last_change_size,0.072,0.052,0.037,0.022,0.009,0.002,0.127,0.073,0.035,-0.017,-0.012,0.003,0.002,-0.008,0.032,0.012,-0.129,-0.011,-0.073,-0.113,-0.05,0.02,0.068,0.126,0.14,0.086,-0.036,0.062,-0.032,0.045,0.07,0.197,0.015,-0.016,0.022,1.0,0.056,-0.088,0.078,-0.082,0.078,0.03,-0.029,0.022,0.016,0.015,-0.067,-0.047,0.149,0.089,-0.053
shelf_price_lag1,0.992,0.989,0.986,0.986,0.001,0.0,-0.047,-0.033,-0.003,0.003,-0.003,-0.001,-0.002,0.0,-0.004,-0.003,0.05,0.004,0.027,0.043,0.016,-0.014,-0.023,-0.05,-0.057,-0.037,0.005,0.991,0.023,0.989,0.03,0.057,0.011,0.036,0.036,0.056,1.0,0.042,-0.044,0.037,-0.044,0.058,0.235,0.307,-0.004,-0.0,-0.156,-0.106,0.095,-0.028,-0.015
shelf_to_base_lag1,-0.064,-0.072,-0.08,-0.041,-0.005,-0.011,-0.049,-0.002,-0.023,0.029,0.017,-0.003,-0.007,0.024,-0.022,-0.019,0.007,-0.009,-0.02,0.025,-0.055,-0.039,-0.042,-0.035,-0.037,-0.094,0.036,-0.068,0.055,-0.074,0.051,-0.044,0.002,-0.072,-0.103,-0.088,0.042,1.0,-0.998,0.969,-0.995,-0.573,0.022,0.015,-0.002,0.004,0.022,0.027,-0.096,-0.096,0.178
on_sale_lag1,0.059,0.066,0.073,0.035,0.006,0.01,0.05,0.003,0.023,-0.029,-0.016,0.003,0.007,-0.024,0.022,0.02,-0.008,0.009,0.019,-0.026,0.055,0.038,0.044,0.036,0.038,0.093,-0.036,0.062,-0.055,0.067,-0.051,0.043,-0.002,0.073,0.104,0.078,-0.044,-0.998,1.0,-0.967,0.998,0.575,-0.027,-0.019,0.002,-0.003,-0.018,-0.024,0.094,0.097,-0.18
sale_depth_lag1,-0.066,-0.074,-0.081,-0.043,-0.006,-0.013,-0.044,-0.007,-0.015,0.033,0.035,-0.006,-0.011,0.022,-0.011,-0.006,0.002,-0.001,-0.019,0.022,-0.053,-0.028,-0.045,-0.029,-0.032,-0.083,0.033,-0.07,0.053,-0.076,0.048,-0.042,-0.001,-0.07,-0.1,-0.082,0.037,0.969,-0.967,1.0,-0.963,-0.554,0.02,0.01,0.001,0.009,0.028,0.035,-0.096,-0.093,0.177
days_in_sale_lag1,0.059,0.066,0.072,0.035,0.008,0.013,0.051,0.005,0.021,-0.028,-0.011,0.008,0.008,-0.021,0.015,0.019,-0.006,0.012,0.018,-0.026,0.06,0.04,0.046,0.037,0.038,0.094,-0.034,0.062,-0.057,0.067,-0.053,0.04,0.0,0.072,0.104,0.078,-0.044,-0.995,0.998,-0.963,1.0,0.577,-0.026,-0.019,-0.004,-0.015,-0.023,-0.034,0.095,0.098,-0.179
n_sale_days_60d,0.116,0.128,0.145,0.152,-0.008,0.006,0.031,-0.128,0.002,-0.012,-0.008,-0.001,0.006,-0.039,0.019,0.025,0.063,0.006,0.054,-0.014,0.126,-0.066,-0.068,-0.001,0.004,0.251,0.023,0.121,0.032,0.14,-0.045,-0.007,0.029,0.12,0.214,0.03,0.058,-0.573,0.575,-0.554,0.577,1.0,-0.03,-0.026,-0.002,-0.043,-0.026,-0.069,0.071,0.062,-0.094
log_unit_price_lag1,0.236,0.236,0.235,0.231,0.003,0.002,-0.017,-0.02,0.007,-0.004,-0.003,0.001,0.002,-0.005,0.006,-0.001,0.021,0.003,0.015,0.017,0.009,0.001,-0.008,-0.019,-0.024,-0.007,-0.005,0.237,-0.024,0.235,-0.011,-0.014,0.024,-0.027,-0.033,-0.029,0.235,0.022,-0.027,0.02,-0.026,-0.03,1.0,0.642,0.001,0.001,0.001,-0.029,-0.037,-0.009,-0.031
rel_unit_price_lag1,0.308,0.306,0.303,0.299,0.002,0.004,0.007,-0.001,0.003,-0.001,-0.002,-0.001,-0.0,-0.001,0.002,0.002,-0.007,0.001,-0.003,-0.007,-0.005,0.0,-0.002,0.006,0.006,0.008,-0.003,0.307,-0.019,0.304,0.0,0.013,0.015,-0.015,-0.03,0.022,0.307,0.015,-0.019,0.01,-0.019,-0.026,0.642,1.0,0.001,0.002,-0.003,0.001,0.004,0.0,-0.026
store_reprice_share_1d,-0.004,-0.009,-0.004,-0.011,0.237,-0.311,0.084,-0.045,0.08,-0.201,-0.116,0.177,0.035,-0.205,0.205,-0.103,-0.147,-0.175,-0.066,-0.064,-0.227,-0.052,-0.088,0.063,0.056,0.094,-0.2,-0.008,0.054,-0.006,0.051,0.008,-0.094,0.004,0.013,0.016,-0.004,-0.002,0.002,0.001,-0.004,-0.002,0.001,0.001,1.0,0.331,0.72,0.277,-0.02,-0.024,-0.011
store_reprice_share_7d,-0.001,-0.015,0.006,0.005,-0.028,-0.027,0.0,-0.069,0.197,-0.124,-0.149,-0.033,-0.034,-0.068,0.269,-0.078,-0.175,0.022,-0.006,-0.06,-0.382,-0.106,-0.206,-0.016,0.035,0.038,-0.329,-0.011,0.13,0.003,0.159,0.019,-0.141,-0.012,-0.026,0.015,-0.0,0.004,-0.003,0.009,-0.015,-0.043,0.001,0.002,0.331,1.0,0.235,0.832,-0.08,-0.07,-0.027
cat_reprice_share_1d,-0.161,-0.169,-0.154,-0.154,0.131,-0.246,0.05,-0.023,0.074,-0.137,-0.086,0.108,0.054,-0.155,0.163,-0.069,-0.098,-0.119,-0.038,-0.037,-0.136,-0.046,-0.036,0.044,0.043,0.073,-0.153,-0.163,0.056,-0.155,0.047,0.009,-0.094,0.013,0.012,-0.067,-0.156,0.022,-0.018,0.028,-0.023,-0.026,0.001,-0.003,0.72,0.235,1.0,0.367,-0.092,-0.009,-0.017
cat_reprice_share_7d,-0.11,-0.141,-0.137,-0.108,-0.02,-0.03,-0.002,-0.047,0.191,-0.082,-0.118,-0.041,-0.031,-0.071,0.252,-0.086,-0.149,0.025,-0.007,-0.043,-0.333,-0.049,-0.173,-0.016,0.029,0.017,-0.281,-0.126,0.148,-0.137,0.176,0.024,-0.148,0.0,-0.017,-0.047,-0.106,0.027,-0.024,0.035,-0.034,-0.069,-0.029,0.001,0.277,0.832,0.367,1.0,-0.117,-0.07,-0.02
web_cat_infl_30d,0.106,0.112,0.118,0.121,0.077,0.056,0.401,0.476,-0.03,-0.219,-0.148,0.066,0.064,-0.038,-0.043,0.152,-0.189,-0.014,-0.003,-0.194,0.259,0.23,0.554,0.333,0.354,0.17,-0.152,0.109,0.003,0.12,0.001,0.072,-0.22,0.139,0.074,0.149,0.095,-0.096,0.094,-0.096,0.095,0.071,-0.037,0.004,-0.02,-0.08,-0.092,-0.117,1.0,0.868,-0.071
web_store_infl_30d,-0.018,-0.027,-0.027,-0.013,0.089,0.079,0.513,0.548,-0.016,-0.287,-0.165,0.096,0.092,-0.057,-0.01,0.196,-0.285,-0.041,-0.003,-0.272,0.211,0.293,0.601,0.444,0.461,0.244,-0.185,-0.023,0.004,-0.027,0.002,0.079,-0.218,0.156,0.088,0.089,-0.028,-0.096,0.097,-0.093,0.098,0.062,-0.009,0.0,-0.024,-0.07,-0.009,-0.07,0.868,1.0,-0.076
target_pct_change,-0.032,-0.023,-0.006,-0.015,0.019,0.01,-0.041,-0.011,-0.034,0.003,0.034,0.005,0.002,0.008,-0.038,-0.022,0.031,0.021,-0.004,0.036,-0.025,-0.015,-0.017,-0.047,-0.064,-0.11,0.004,-0.028,0.069,-0.009,-0.095,-0.136,0.035,-0.018,-0.03,-0.053,-0.015,0.178,-0.18,0.177,-0.179,-0.094,-0.031,-0.026,-0.011,-0.027,-0.017,-0.02,-0.071,-0.076,1.0
