store,date,products,changes,err,rate,dom,dow
A101,2026-03-14,6702,243,6930.4,0.03625783348254252,14,5
A101,2026-03-15,6703,1,15.0,0.0001491869312248247,15,6
A101,2026-03-16,6703,2,16.5,0.0002983738624496494,16,0
A101,2026-03-17,6688,0,0.0,0.0,17,1
A101,2026-03-18,6638,184,2545.9,0.02771919252786984,18,2
A101,2026-03-19,6719,1,25.0,0.0001488316713796696,19,3
A101,2026-03-20,6730,26,672.61,0.003863298662704309,20,4
A101,2026-03-21,6730,84,1415.1200000000001,0.012481426448737,21,5
A101,2026-03-22,6730,0,0.0,0.0,22,6
A101,2026-03-23,6719,1,1000.0,0.0001488316713796696,23,0
A101,2026-03-24,6708,12,353.7,0.0017889087656529517,24,1
A101,2026-03-25,6755,102,7934.95,0.015099925980754996,25,2
A101,2026-03-26,6793,6,125.9,0.0008832621816575887,26,3
A101,2026-03-27,6801,0,0.0,0.0,27,4
A101,2026-03-28,6800,140,5747.6,0.020588235294117647,28,5
A101,2026-03-29,6800,1,166.0,0.00014705882352941175,29,6
A101,2026-03-30,6784,7,80.59999999999998,0.0010318396226415094,30,0
A101,2026-03-31,6761,0,0.0,0.0,31,1
A101,2026-04-01,6786,244,6406.25,0.03595638078396699,1,2
A101,2026-04-02,6824,0,0.0,0.0,2,3
A101,2026-04-05,6878,0,0.0,0.0,5,6
A101,2026-04-06,6878,17,225.60000000000002,0.002471648735097412,6,0
A101,2026-04-07,6792,114,1954.4,0.01678445229681979,7,1
A101,2026-04-08,6898,1,30.0,0.00014496955639315743,8,2
A101,2026-04-09,6820,121,4002.2799999999997,0.017741935483870968,9,3
A101,2026-04-10,6853,0,0.0,0.0,10,4
A101,2026-04-11,6853,0,0.0,0.0,11,5
A101,2026-04-12,6852,0,0.0,0.0,12,6
A101,2026-04-13,6841,5,237.4,0.000730887297178775,13,0
A101,2026-04-14,6877,3,99.2,0.0004362367311327614,14,1
A101,2026-04-15,6813,146,3012.2,0.02142961984441509,15,2
A101,2026-04-16,6920,0,0.0,0.0,16,3
A101,2026-04-17,6920,0,0.0,0.0,17,4
A101,2026-04-18,6898,180,4493.75,0.02609452015076834,18,5
A101,2026-04-19,6928,0,0.0,0.0,19,6
A101,2026-04-20,6896,18,129.0,0.0026102088167053363,20,0
A101,2026-04-25,6933,87,2789.9,0.012548680225010819,25,5
A101,2026-04-26,6933,0,0.0,0.0,26,6
A101,2026-04-29,7011,0,0.0,0.0,29,2
A101,2026-04-30,6948,0,0.0,0.0,30,3
A101,2026-05-01,6946,7,243.5,0.0010077742585660812,1,4
A101,2026-05-04,6951,4,31.199999999999996,0.0005754567688102431,4,0
A101,2026-05-05,6981,11,364.6,0.0015757054863200115,5,1
A101,2026-05-06,6984,184,4182.25,0.026345933562428408,6,2
A101,2026-05-07,6977,8,1580.6,0.0011466246237637953,7,3
A101,2026-05-08,6965,1,40.0,0.00014357501794687725,8,4
A101,2026-05-09,7036,168,8825.85,0.023877202956225127,9,5
A101,2026-05-10,7036,0,0.0,0.0,10,6
A101,2026-05-11,7036,0,0.0,0.0,11,0
A101,2026-05-12,7008,181,4393.05,0.025827625570776256,12,1
A101,2026-05-13,7174,0,0.0,0.0,13,2
A101,2026-05-14,7120,7,305.0,0.0009831460674157304,14,3
A101,2026-05-15,7166,0,0.0,0.0,15,4
A101,2026-05-16,7164,182,6469.08,0.025404801786711336,16,5
A101,2026-05-17,7166,0,0.0,0.0,17,6
A101,2026-05-18,7163,12,172.89999999999998,0.0016752757224626554,18,0
A101,2026-05-19,7165,4,26.0,0.0005582693649685974,19,1
A101,2026-05-23,7305,395,10972.2,0.054072553045859,23,5
A101,2026-05-24,7305,1,6.0,0.00013689253935660506,24,6
A101,2026-05-25,7305,6,57.400000000000006,0.0008213552361396304,25,0
A101,2026-08-12,7939,87,3244.9,0.010958559012470084,12,2
A101,2026-08-13,7983,6,106.0,0.000751597143930853,13,3
A101,2026-08-14,7936,5,50.5,0.0006300403225806451,14,4
A101,2026-08-15,7951,194,5045.25,0.024399446610489248,15,5
A101,2026-08-16,7979,3,27.0,0.0003759869657851861,16,6
A101,2026-08-17,7979,3,30.0,0.0003759869657851861,17,0
A101,2026-08-18,7983,2,65.0,0.0002505323813102844,18,1
A101,2026-08-19,7979,107,3501.93,0.013410201779671638,19,2
A101,2026-08-20,7975,3,1020.0,0.0003761755485893417,20,3
A101,2026-08-21,8008,1,4.600000000000001,0.00012487512487512488,21,4
A101,2026-08-22,8000,120,9075.75,0.015,22,5
A101,2026-08-23,8002,0,0.0,0.0,23,6
A101,2026-08-24,8002,5,41.74999999999999,0.0006248437890527368,24,0
A101,2026-08-25,8002,6,191.5,0.0007498125468632841,25,1
A101,2026-08-26,8057,190,7759.57,0.023581978403872408,26,2
A101,2026-08-27,8092,4,18.900000000000006,0.0004943153732081067,27,3
A101,2026-08-28,8104,2,5.0,0.00024679170779861795,28,4
A101,2026-08-29,8104,160,6482.2,0.019743336623889437,29,5
A101,2026-08-30,8107,1,15.0,0.00012335019119279634,30,6
A101,2026-08-31,8107,2,11.0,0.0002467003823855927,31,0
A101,2026-09-01,8107,2,300.0,0.0002467003823855927,1,1
A101,2026-09-02,8100,148,10727.3,0.018271604938271607,2,2
A101,2026-09-03,8095,14,11205.6,0.0017294626312538604,3,3
A101,2026-09-04,8112,3,160.0,0.0003698224852071006,4,4
A101,2026-09-05,8121,344,9160.85,0.042359315355251816,5,5
A101,2026-09-06,8121,0,0.0,0.0,6,6
A101,2026-09-07,8121,9,74.0,0.0011082379017362395,7,0
A101,2026-09-24,8258,0,0.0,0.0,24,3
A101,2026-09-30,8130,149,3402.2999999999997,0.01832718327183272,30,2
A101,2026-10-01,8131,0,0.0,0.0,1,3
A101,2026-10-02,8191,4,40.5,0.0004883408619216213,2,4
A101,2026-10-03,8040,131,3797.55,0.016293532338308457,3,5
A101,2026-10-04,8049,0,0.0,0.0,4,6
A101,2026-10-05,8049,0,0.0,0.0,5,0
A101,2026-10-06,8048,0,0.0,0.0,6,1
Arden,2026-03-03,2800,38,596.9,0.013571428571428571,3,1
Arden,2026-03-04,3046,4,80.0,0.0013131976362442547,4,2
Arden,2026-03-05,3031,6,89.99999999999999,0.001979544704717915,5,3
Arden,2026-03-10,3000,107,1279.15,0.035666666666666666,10,1
Arden,2026-03-11,2975,4,87.00000000000001,0.0013445378151260505,11,2
Arden,2026-03-12,7531,15,368.0,0.0019917673615721682,12,3
Arden,2026-03-13,7450,17,384.99999999999994,0.0022818791946308723,13,4
Arden,2026-03-14,7408,0,0.0,0.0,14,5
Arden,2026-03-15,7454,8,150.0,0.0010732492621411322,15,6
Arden,2026-03-16,7495,7,130.0,0.0009339559706470981,16,0
Arden,2026-03-17,7522,67,4470.0,0.00890720553044403,17,1
Arden,2026-03-18,7510,5,130.0,0.0006657789613848203,18,2
Arden,2026-03-19,7482,47,607.8299999999999,0.00628174284950548,19,3
Arden,2026-03-22,7613,0,0.0,0.0,22,6
Arden,2026-03-23,7585,36,677.04,0.004746209624258405,23,0
Arden,2026-03-24,7495,18,700.0,0.002401601067378252,24,1
Arden,2026-03-25,7453,0,0.0,0.0,25,2
Arden,2026-03-26,7516,3,48.0,0.0003991484832357637,26,3
Arden,2026-03-27,7564,25,746.04,0.0033051295610787945,27,4
Arden,2026-03-28,7577,0,0.0,0.0,28,5
Arden,2026-03-29,7529,3,114.9,0.0003984592907424625,29,6
Arden,2026-03-30,7551,0,0.0,0.0,30,0
Arden,2026-03-31,7567,69,3226.25,0.00911854103343465,31,1
Arden,2026-04-01,7512,23,298.00000000000006,0.0030617678381256656,1,2
Arden,2026-04-09,6773,321,4426.7,0.04739406466853684,9,3
Arden,2026-04-13,6835,0,0.0,0.0,13,0
Arden,2026-04-14,6824,70,863.45,0.010257913247362251,14,1
Arden,2026-04-15,6808,20,671.95,0.002937720329024677,15,2
Arden,2026-04-16,6767,23,167.95,0.003398847347421309,16,3
Arden,2026-04-17,6746,112,1226.8999999999999,0.01660243107026386,17,4
Arden,2026-04-18,6820,0,0.0,0.0,18,5
Arden,2026-04-19,6841,25,258.45,0.003654436485893875,19,6
Arden,2026-04-20,6852,0,0.0,0.0,20,0
Arden,2026-04-21,6773,71,1185.59,0.01048279935036173,21,1
Arden,2026-04-22,6741,25,601.4499999999999,0.0037086485684616525,22,2
Arden,2026-04-23,6731,3,27.539999999999992,0.00044569900460555636,23,3
Arden,2026-04-24,6758,88,1108.75,0.013021604024859426,24,4
Arden,2026-04-25,6846,0,0.0,0.0,25,5
Arden,2026-04-26,6784,63,683.15,0.009286556603773585,26,6
Arden,2026-04-27,6792,0,0.0,0.0,27,0
Arden,2026-04-28,6779,68,814.05,0.010030978020356985,28,1
Arden,2026-04-29,6772,19,2380.0,0.0028056704075605436,29,2
Arden,2026-04-30,6812,7,94.99999999999999,0.0010275983558426305,30,3
Arden,2026-05-01,6792,61,797.51,0.0089811542991755,1,4
Arden,2026-05-02,6800,0,0.0,0.0,2,5
Arden,2026-05-03,6811,0,0.0,0.0,3,6
Arden,2026-05-04,6840,61,899.84,0.00891812865497076,4,0
Arden,2026-05-05,6740,213,3833.75,0.031602373887240354,5,1
Arden,2026-05-06,6757,46,974.0400000000001,0.00680775492082285,6,2
Arden,2026-05-07,6846,0,0.0,0.0,7,3
Arden,2026-05-08,6837,70,1025.61,0.010238408658768466,8,4
Arden,2026-05-09,6840,6,190.0,0.0008771929824561404,9,5
Arden,2026-05-10,6845,77,1151.75,0.0112490869247626,10,6
Arden,2026-05-11,6783,46,1135.15,0.006781660032434026,11,0
Arden,2026-05-12,6768,0,0.0,0.0,12,1
Arden,2026-05-13,6769,22,720.45,0.003250110799231792,13,2
Arden,2026-05-14,6774,77,2128.0,0.011366991437850605,14,3
Arden,2026-05-17,6803,2,64.99999999999999,0.00029398794649419373,17,6
Arden,2026-05-18,6755,0,0.0,0.0,18,0
Arden,2026-05-19,6520,43,2428.25,0.006595092024539877,19,1
Arden,2026-05-20,6522,36,2280.7000000000003,0.005519779208831647,20,2
Arden,2026-05-21,6753,0,0.0,0.0,21,3
Arden,2026-05-24,6655,0,0.0,0.0,24,6
Arden,2026-05-25,6697,0,0.0,0.0,25,0
Arden,2026-05-26,6792,32,656.0,0.004711425206124852,26,1
Arden,2026-05-27,6800,0,0.0,0.0,27,2
Arden,2026-05-28,6846,99,4242.599999999999,0.014460999123575811,28,3
Arden,2026-08-17,7180,0,0.0,0.0,17,0
Arden,2026-08-18,6709,0,0.0,0.0,18,1
Arden,2026-08-19,6644,0,0.0,0.0,19,2
Arden,2026-08-20,6301,0,0.0,0.0,20,3
Arden,2026-08-21,6295,0,0.0,0.0,21,4
Arden,2026-08-22,6322,0,0.0,0.0,22,5
Arden,2026-08-23,6390,0,0.0,0.0,23,6
Arden,2026-08-24,5026,0,0.0,0.0,24,0
Arden,2026-08-25,5700,0,0.0,0.0,25,1
Arden,2026-08-26,6191,0,0.0,0.0,26,2
Arden,2026-08-27,1618,0,0.0,0.0,27,3
Arden,2026-08-28,1162,0,0.0,0.0,28,4
Arden,2026-08-29,668,0,0.0,0.0,29,5
Arden,2026-09-03,6690,0,0.0,0.0,3,3
Arden,2026-09-04,5694,1,60.0,0.00017562346329469617,4,4
Arden,2026-09-05,5238,355,12279.41,0.06777395952653685,5,5
Arden,2026-09-24,257,0,0.0,0.0,24,3
Arden,2026-09-30,284,6,80.04,0.02112676056338028,30,2
Arden,2026-10-01,203,1,125.00000000000001,0.0049261083743842365,1,3
Arden,2026-10-04,153,0,0.0,0.0,4,6
Arden,2026-10-05,45,0,0.0,0.0,5,0
Arden,2026-10-06,126,6,127.5,0.047619047619047616,6,1
Basdas,2026-02-22,757,0,0.0,0.0,22,6
Basdas,2026-02-23,752,20,360.06,0.026595744680851064,23,0
Basdas,2026-02-24,821,13,100.0,0.015834348355663823,24,1
Basdas,2026-02-25,805,10,219.75000000000006,0.012422360248447204,25,2
Basdas,2026-02-26,803,12,93.05,0.014943960149439602,26,3
Basdas,2026-02-27,765,5,80.0,0.006535947712418301,27,4
Basdas,2026-02-28,801,3,75.01,0.003745318352059925,28,5
Basdas,2026-03-01,707,1,19.999999999999986,0.0014144271570014145,1,6
Basdas,2026-03-02,748,46,1102.8600000000001,0.06149732620320856,2,0
Basdas,2026-03-03,764,9,46.35000000000001,0.011780104712041885,3,1
Basdas,2026-03-04,733,13,170.9,0.017735334242837655,4,2
Basdas,2026-03-05,733,8,85.0,0.010914051841746248,5,3
Basdas,2026-03-06,666,8,109.91000000000001,0.012012012012012012,6,4
Basdas,2026-03-07,666,5,100.00000000000001,0.0075075075075075074,7,5
Basdas,2026-03-08,666,0,0.0,0.0,8,6
Basdas,2026-03-09,663,13,215.05999999999995,0.0196078431372549,9,0
Basdas,2026-03-10,747,11,189.26999999999998,0.014725568942436412,10,1
Basdas,2026-03-11,730,10,460.30000000000007,0.0136986301369863,11,2
Basdas,2026-03-12,728,9,98.05,0.012362637362637362,12,3
Basdas,2026-03-13,608,10,104.09000000000002,0.01644736842105263,13,4
Basdas,2026-03-14,679,5,249.73000000000002,0.007363770250368188,14,5
Basdas,2026-03-15,680,0,0.0,0.0,15,6
Basdas,2026-03-16,672,13,157.64,0.019345238095238096,16,0
Basdas,2026-03-17,709,19,169.28999999999996,0.02679830747531735,17,1
Basdas,2026-03-18,699,47,822.4300000000001,0.06723891273247497,18,2
Basdas,2026-03-19,701,4,67.85999999999999,0.005706134094151213,19,3
Basdas,2026-03-20,699,0,0.0,0.0,20,4
Basdas,2026-03-21,702,0,0.0,0.0,21,5
Basdas,2026-03-22,702,0,0.0,0.0,22,6
Basdas,2026-03-23,687,19,371.05,0.027656477438136828,23,0
Basdas,2026-03-24,706,16,527.9999999999999,0.0226628895184136,24,1
Basdas,2026-03-25,692,56,962.9599999999999,0.08092485549132948,25,2
Basdas,2026-03-26,687,7,126.99999999999997,0.010189228529839884,26,3
Basdas,2026-03-27,674,3,108.0,0.004451038575667656,27,4
Basdas,2026-03-28,788,4,140.0,0.005076142131979695,28,5
Basdas,2026-03-29,788,0,0.0,0.0,29,6
Basdas,2026-03-30,788,0,0.0,0.0,30,0
Basdas,2026-03-31,788,21,658.9199999999998,0.0266497461928934,31,1
Basdas,2026-04-01,657,10,210.23999999999995,0.015220700152207,1,2
Basdas,2026-04-04,100,0,0.0,0.0,4,5
Basdas,2026-04-05,744,0,0.0,0.0,5,6
Basdas,2026-04-06,704,8,230.0,0.011363636363636364,6,0
Basdas,2026-04-07,362,0,0.0,0.0,7,1
Basdas,2026-04-08,352,7,154.95999999999998,0.019886363636363636,8,2
Basdas,2026-04-09,638,11,112.09,0.017241379310344827,9,3
Basdas,2026-04-10,42,1,5.0,0.023809523809523808,10,4
Basdas,2026-04-11,54,2,15.0,0.037037037037037035,11,5
Basdas,2026-04-12,136,0,0.0,0.0,12,6
Basdas,2026-04-13,197,5,82.91000000000003,0.025380710659898477,13,0
Basdas,2026-04-14,323,0,0.0,0.0,14,1
Basdas,2026-04-15,307,1,9.909999999999997,0.003257328990228013,15,2
Basdas,2026-04-16,761,13,436.99999999999994,0.017082785808147174,16,3
Basdas,2026-04-17,763,48,1651.45,0.06290956749672345,17,4
Basdas,2026-04-18,760,4,240.0,0.005263157894736842,18,5
Basdas,2026-04-19,760,0,0.0,0.0,19,6
Basdas,2026-04-20,745,32,827.15,0.042953020134228186,20,0
Basdas,2026-04-21,772,10,144.5,0.012953367875647668,21,1
Basdas,2026-04-22,772,0,0.0,0.0,22,2
Basdas,2026-04-23,735,40,1158.21,0.05442176870748299,23,3
Basdas,2026-04-24,803,0,0.0,0.0,24,4
Basdas,2026-04-25,802,6,165.0,0.007481296758104738,25,5
Basdas,2026-04-26,802,0,0.0,0.0,26,6
Basdas,2026-04-27,802,7,170.45,0.008728179551122194,27,0
Basdas,2026-04-28,845,29,734.72,0.03431952662721893,28,1
Basdas,2026-04-29,847,0,0.0,0.0,29,2
Basdas,2026-05-02,850,47,777.3599999999999,0.05529411764705883,2,5
Basdas,2026-05-03,850,0,0.0,0.0,3,6
Basdas,2026-05-04,819,16,276.1,0.019536019536019536,4,0
Basdas,2026-05-05,873,14,394.53,0.016036655211912942,5,1
Basdas,2026-05-08,775,0,0.0,0.0,8,4
Basdas,2026-05-11,887,0,0.0,0.0,11,0
Basdas,2026-05-14,855,0,0.0,0.0,14,3
Basdas,2026-05-17,623,2,15.0,0.0032102728731942215,17,6
Basdas,2026-05-18,642,0,0.0,0.0,18,0
Basdas,2026-05-19,640,0,0.0,0.0,19,1
Basdas,2026-05-22,553,1,5.0,0.0018083182640144665,22,4
Basdas,2026-05-23,535,0,0.0,0.0,23,5
Basdas,2026-05-24,535,0,0.0,0.0,24,6
Basdas,2026-05-25,506,12,432.99999999999994,0.023715415019762844,25,0
Basdas,2026-05-26,520,0,0.0,0.0,26,1
Basdas,2026-05-27,516,0,0.0,0.0,27,2
Basdas,2026-05-28,705,0,0.0,0.0,28,3
Basdas,2026-05-29,689,0,0.0,0.0,29,4
Basdas,2026-05-30,679,5,65.0,0.007363770250368188,30,5
Basdas,2026-05-31,679,0,0.0,0.0,31,6
Baskent,2026-02-25,307,0,0.0,0.0,25,2
Baskent,2026-02-26,307,0,0.0,0.0,26,3
Baskent,2026-02-27,307,0,0.0,0.0,27,4
Baskent,2026-02-28,308,0,0.0,0.0,28,5
Baskent,2026-03-01,309,44,319.1,0.1423948220064725,1,6
Baskent,2026-03-02,309,0,0.0,0.0,2,0
Baskent,2026-03-03,309,0,0.0,0.0,3,1
Baskent,2026-03-04,309,0,0.0,0.0,4,2
Baskent,2026-03-05,306,0,0.0,0.0,5,3
Baskent,2026-03-06,306,0,0.0,0.0,6,4
Baskent,2026-03-09,312,0,0.0,0.0,9,0
Baskent,2026-03-10,312,0,0.0,0.0,10,1
Baskent,2026-03-11,312,0,0.0,0.0,11,2
Baskent,2026-03-12,312,0,0.0,0.0,12,3
Baskent,2026-03-13,312,0,0.0,0.0,13,4
Baskent,2026-03-14,312,0,0.0,0.0,14,5
Baskent,2026-03-15,312,0,0.0,0.0,15,6
Baskent,2026-03-16,306,0,0.0,0.0,16,0
Baskent,2026-03-19,86,0,0.0,0.0,19,3
Baskent,2026-03-20,86,0,0.0,0.0,20,4
Baskent,2026-03-21,86,0,0.0,0.0,21,5
Baskent,2026-03-22,74,0,0.0,0.0,22,6
Baskent,2026-03-23,77,0,0.0,0.0,23,0
Baskent,2026-03-24,77,0,0.0,0.0,24,1
Baskent,2026-03-25,77,0,0.0,0.0,25,2
Baskent,2026-03-26,82,0,0.0,0.0,26,3
Baskent,2026-03-27,82,0,0.0,0.0,27,4
Baskent,2026-03-28,82,0,0.0,0.0,28,5
Baskent,2026-03-29,82,0,0.0,0.0,29,6
Baskent,2026-03-30,82,0,0.0,0.0,30,0
Baskent,2026-03-31,82,0,0.0,0.0,31,1
Baskent,2026-04-01,82,0,0.0,0.0,1,2
Baskent,2026-04-02,82,0,0.0,0.0,2,3
Baskent,2026-04-03,76,0,0.0,0.0,3,4
Baskent,2026-04-04,78,0,0.0,0.0,4,5
Baskent,2026-04-05,82,0,0.0,0.0,5,6
Baskent,2026-04-06,82,0,0.0,0.0,6,0
Baskent,2026-04-07,82,0,0.0,0.0,7,1
Baskent,2026-04-08,82,0,0.0,0.0,8,2
Baskent,2026-04-09,82,0,0.0,0.0,9,3
Baskent,2026-04-10,82,0,0.0,0.0,10,4
Baskent,2026-04-11,82,0,0.0,0.0,11,5
Baskent,2026-04-12,82,0,0.0,0.0,12,6
Baskent,2026-04-13,82,0,0.0,0.0,13,0
Baskent,2026-04-14,82,0,0.0,0.0,14,1
Baskent,2026-04-15,82,0,0.0,0.0,15,2
Baskent,2026-04-16,82,0,0.0,0.0,16,3
Baskent,2026-04-17,86,0,0.0,0.0,17,4
Baskent,2026-04-18,86,0,0.0,0.0,18,5
Baskent,2026-04-19,86,0,0.0,0.0,19,6
Baskent,2026-04-20,86,0,0.0,0.0,20,0
Baskent,2026-04-21,86,1,7.5,0.011627906976744186,21,1
Baskent,2026-04-22,86,0,0.0,0.0,22,2
Baskent,2026-04-23,86,0,0.0,0.0,23,3
Baskent,2026-04-24,86,0,0.0,0.0,24,4
Baskent,2026-04-25,86,0,0.0,0.0,25,5
Baskent,2026-04-26,89,0,0.0,0.0,26,6
Baskent,2026-04-27,89,0,0.0,0.0,27,0
Baskent,2026-04-28,89,0,0.0,0.0,28,1
Baskent,2026-04-29,89,0,0.0,0.0,29,2
Baskent,2026-04-30,89,4,198.0,0.0449438202247191,30,3
Baskent,2026-05-01,89,0,0.0,0.0,1,4
Baskent,2026-05-02,89,0,0.0,0.0,2,5
Baskent,2026-05-03,89,0,0.0,0.0,3,6
Baskent,2026-05-04,89,0,0.0,0.0,4,0
Baskent,2026-05-05,89,0,0.0,0.0,5,1
Baskent,2026-05-06,89,0,0.0,0.0,6,2
Baskent,2026-05-07,89,0,0.0,0.0,7,3
Baskent,2026-05-08,89,0,0.0,0.0,8,4
Baskent,2026-05-09,89,0,0.0,0.0,9,5
Baskent,2026-05-10,89,0,0.0,0.0,10,6
Baskent,2026-05-11,89,0,0.0,0.0,11,0
Baskent,2026-05-12,89,0,0.0,0.0,12,1
Baskent,2026-05-13,87,43,463.3,0.4942528735632184,13,2
Baskent,2026-05-14,87,0,0.0,0.0,14,3
Baskent,2026-05-15,95,0,0.0,0.0,15,4
Baskent,2026-05-16,95,0,0.0,0.0,16,5
Baskent,2026-05-17,95,0,0.0,0.0,17,6
Baskent,2026-05-18,95,0,0.0,0.0,18,0
Baskent,2026-05-19,95,0,0.0,0.0,19,1
Baskent,2026-05-20,92,0,0.0,0.0,20,2
Baskent,2026-05-21,92,0,0.0,0.0,21,3
Baskent,2026-05-22,89,0,0.0,0.0,22,4
Baskent,2026-05-23,92,0,0.0,0.0,23,5
Baskent,2026-05-24,92,0,0.0,0.0,24,6
Baskent,2026-05-25,92,0,0.0,0.0,25,0
Baskent,2026-05-26,89,0,0.0,0.0,26,1
Baskent,2026-05-27,93,0,0.0,0.0,27,2
Baskent,2026-05-28,93,0,0.0,0.0,28,3
Baskent,2026-05-29,93,0,0.0,0.0,29,4
Baskent,2026-05-30,93,0,0.0,0.0,30,5
Baskent,2026-05-31,93,0,0.0,0.0,31,6
Baskent,2026-06-01,93,1,6.5,0.010752688172043012,1,0
BizimMarket,2026-03-15,2679,7,2426.1,0.0026129152668906306,15,6
BizimMarket,2026-03-16,2675,46,295816219.60999995,0.017196261682242992,16,0
BizimMarket,2026-03-17,2681,18,3381423274.1,0.006713912719134651,17,1
BizimMarket,2026-03-20,2681,37,905.01,0.013800820589332338,20,4
BizimMarket,2026-03-21,2680,0,0.0,0.0,21,5
BizimMarket,2026-03-22,2680,19,343855754.6,0.0070895522388059705,22,6
BizimMarket,2026-03-23,2669,41,118232.78,0.015361558636193332,23,0
BizimMarket,2026-03-24,2643,10,23431.52,0.0037835792659856224,24,1
BizimMarket,2026-03-25,2622,29,94826.98,0.011060259344012205,25,2
BizimMarket,2026-03-29,2633,3,22218.5,0.001139384732244588,29,6
BizimMarket,2026-03-30,2642,26,192361.0,0.00984102952308857,30,0
BizimMarket,2026-03-31,2614,41,255443.69999999998,0.01568477429227238,31,1
BizimMarket,2026-04-03,2614,27,3675893966.35,0.010328997704667177,3,4
BizimMarket,2026-04-04,2613,1,19.900000000000006,0.0003827018752391887,4,5
BizimMarket,2026-04-05,2550,19,37690.85,0.007450980392156863,5,6
BizimMarket,2026-04-06,2545,27,81175.76,0.010609037328094302,6,0
BizimMarket,2026-10-06,1727,0,0.0,0.0,6,1
Cagri,2026-03-02,6965,352,8194.01,0.05053840631730079,2,0
Cagri,2026-03-03,6919,110,1614.55,0.01589825119236884,3,1
Cagri,2026-03-04,6889,63,1233.3000000000002,0.00914501379010016,4,2
Cagri,2026-03-05,6924,67,3846.4999999999995,0.009676487579433853,5,3
Cagri,2026-08-17,6792,388,15478.23,0.05712603062426384,17,0
Cagri,2026-08-18,6756,68,2986.0,0.010065127294256957,18,1
Cagri,2026-08-19,6744,48,1666.05,0.0071174377224199285,19,2
Cagri,2026-08-20,6746,325,16259.32,0.04817669730210495,20,3
Cagri,2026-08-21,6743,43,6133.95,0.0063769835384843545,21,4
Cagri,2026-08-22,6744,4,124.96000000000001,0.0005931198102016608,22,5
Cagri,2026-08-23,6768,0,0.0,0.0,23,6
Cagri,2026-08-24,6773,50,2543.38,0.007382253063635022,24,0
Cagri,2026-08-25,6759,27,702.1899999999999,0.0039946737683089215,25,1
Cagri,2026-08-26,6736,41,651.0,0.006086698337292162,26,2
Cagri,2026-08-27,6745,38,1961.0,0.005633802816901409,27,3
Cagri,2026-08-28,6747,39,3395.49,0.005780346820809248,28,4
Cagri,2026-08-29,6687,32,1098.35,0.004785404516225512,29,5
Cagri,2026-08-30,6742,1,10.0,0.0001483239394838327,30,6
Cagri,2026-08-31,6752,84,2469.85,0.012440758293838863,31,0
Cagri,2026-09-01,6762,432,16693.62,0.06388642413487133,1,1
Cagri,2026-09-02,6723,143,3384.1,0.02127026625018593,2,2
Cagri,2026-09-03,6705,154,6148.36,0.02296793437733035,3,3
Cagri,2026-09-04,6733,812,42528.67,0.12060002970444081,4,4
Cagri,2026-09-05,6775,73,1933.0499999999997,0.010774907749077491,5,5
Cagri,2026-09-06,6795,1,20.0,0.00014716703458425313,6,6
Cagri,2026-09-07,6675,103,4368.86,0.015430711610486892,7,0
Cagri,2026-09-24,6704,38,1806.1000000000001,0.0056682577565632455,24,3
Cagri,2026-09-30,6593,31,1466.49,0.004701956620658274,30,2
Cagri,2026-10-01,6554,493,16398.87,0.0752212389380531,1,3
Cagri,2026-10-02,5708,42,758.6,0.007358093903293623,2,4
Cagri,2026-10-03,5780,30,1464.05,0.005190311418685121,3,5
Cagri,2026-10-04,5792,3,50.0,0.0005179558011049724,4,6
Cagri,2026-10-05,5727,161,2641.14,0.028112449799196786,5,0
Cagri,2026-10-06,5674,34,1488.0,0.005992245329573493,6,1
CarrefourSA,2026-02-26,10400,1225,198652.68,0.11778846153846154,26,3
CarrefourSA,2026-02-27,10838,33,4669.96,0.0030448422218121423,27,4
CarrefourSA,2026-03-02,10851,413,64791.66,0.038061008202009035,2,0
CarrefourSA,2026-03-03,10642,289,105056.89,0.027156549520766772,3,1
CarrefourSA,2026-03-04,8087,98,58088.03,0.012118214418202053,4,2
CarrefourSA,2026-03-05,6390,37,6983.56,0.005790297339593114,5,3
CarrefourSA,2026-03-06,8582,31,1846.83,0.0036122116056863203,6,4
CarrefourSA,2026-03-07,10290,28,870.04,0.0027210884353741495,7,5
CarrefourSA,2026-03-08,10568,3,55.900000000000006,0.0002838758516275549,8,6
CarrefourSA,2026-03-09,10427,532,27474.41,0.051021386784309966,9,0
CarrefourSA,2026-03-10,9600,105,7137.1,0.0109375,10,1
CarrefourSA,2026-03-11,9538,103,9241.140000000001,0.010798909624659257,11,2
CarrefourSA,2026-03-12,11233,172,20862.42,0.0153120270631176,12,3
CarrefourSA,2026-03-13,11408,180,39385.74,0.015778401122019635,13,4
CarrefourSA,2026-03-14,10925,58,7971.719999999999,0.005308924485125858,14,5
CarrefourSA,2026-03-15,11140,4,96.69999999999999,0.0003590664272890485,15,6
CarrefourSA,2026-03-16,11179,131,7532.49,0.011718400572502013,16,0
CarrefourSA,2026-03-17,10849,199,17219.82,0.01834270439671859,17,1
CarrefourSA,2026-03-18,10753,124,71082.1,0.01153166558169813,18,2
CarrefourSA,2026-03-19,11329,0,0.0,0.0,19,3
CarrefourSA,2026-03-20,11402,64,15992.53,0.0056130503420452555,20,4
CarrefourSA,2026-03-21,9922,18,318.9,0.0018141503729086877,21,5
CarrefourSA,2026-03-22,9076,0,0.0,0.0,22,6
CarrefourSA,2026-03-25,10571,2,100.9,0.00018919685933213508,25,2
CarrefourSA,2026-03-26,10529,81,6722.48,0.007693038275239814,26,3
CarrefourSA,2026-03-27,11106,85,2576.85,0.007653520619484963,27,4
CarrefourSA,2026-03-28,11007,45,3679.93,0.004088307440719542,28,5
CarrefourSA,2026-03-29,10992,5,304.05,0.0004548762736535662,29,6
CarrefourSA,2026-03-30,10600,110,12220.71,0.010377358490566037,30,0
CarrefourSA,2026-03-31,10603,94,61924.45,0.008865415448457984,31,1
CarrefourSA,2026-04-01,10638,496,126463.25,0.04662530550855424,1,2
CarrefourSA,2026-04-02,10264,199,57963.75,0.019388152766952455,2,3
CarrefourSA,2026-04-03,10198,0,0.0,0.0,3,4
CarrefourSA,2026-04-04,10129,120,9519.609999999999,0.011847171487807286,4,5
CarrefourSA,2026-04-05,10676,0,0.0,0.0,5,6
CarrefourSA,2026-04-06,10691,0,0.0,0.0,6,0
CarrefourSA,2026-04-07,10716,69,4343.5,0.006438969764837626,7,1
CarrefourSA,2026-04-08,10830,209,9327.85,0.01929824561403509,8,2
CarrefourSA,2026-04-09,10517,605,37003.409999999996,0.0575259104307312,9,3
CarrefourSA,2026-04-10,10248,88,14191.97,0.00858704137392662,10,4
CarrefourSA,2026-04-11,10552,260,15437.06,0.024639878695981804,11,5
CarrefourSA,2026-04-12,9976,5,13133.060000000001,0.0005012028869286287,12,6
CarrefourSA,2026-04-13,9673,63,8378.41,0.006512974258244598,13,0
CarrefourSA,2026-04-14,10614,0,0.0,0.0,14,1
CarrefourSA,2026-04-15,10614,0,0.0,0.0,15,2
CarrefourSA,2026-04-16,10614,0,0.0,0.0,16,3
CarrefourSA,2026-04-17,10614,0,0.0,0.0,17,4
CarrefourSA,2026-04-18,10614,0,0.0,0.0,18,5
CarrefourSA,2026-04-21,9673,1119,588380.62,0.11568282849167787,21,1
CarrefourSA,2026-04-22,11048,0,0.0,0.0,22,2
CarrefourSA,2026-04-23,11057,0,0.0,0.0,23,3
CarrefourSA,2026-04-24,11057,0,0.0,0.0,24,4
CarrefourSA,2026-04-27,11057,0,0.0,0.0,27,0
CarrefourSA,2026-04-28,11057,0,0.0,0.0,28,1
CarrefourSA,2026-04-29,8748,201,9871.01,0.022976680384087792,29,2
CarrefourSA,2026-04-30,7285,1,5.000000000000007,0.00013726835964310226,30,3
CarrefourSA,2026-05-01,8578,160,139935.51,0.0186523665190021,1,4
CarrefourSA,2026-05-02,10486,172,29963.38,0.016402822811367537,2,5
CarrefourSA,2026-05-03,9006,31,2172.76,0.0034421496779924493,3,6
CarrefourSA,2026-05-04,8787,137,116923.38,0.015591214293843178,4,0
CarrefourSA,2026-05-05,9729,140,47507.880000000005,0.014389968136499126,5,1
CarrefourSA,2026-05-06,9414,167,10467.339999999998,0.017739536859995752,6,2
CarrefourSA,2026-05-07,9379,743,201575.53,0.07921953299925365,7,3
CarrefourSA,2026-05-08,9501,224,15753.679999999998,0.023576465635196296,8,4
CarrefourSA,2026-05-09,9882,68,7017.639999999999,0.006881198138028739,9,5
CarrefourSA,2026-05-10,9159,1,20.0,0.00010918222513374823,10,6
CarrefourSA,2026-05-11,7295,170,9663.6,0.023303632625085675,11,0
CarrefourSA,2026-05-12,7939,136,7635.44,0.017130620985010708,12,1
CarrefourSA,2026-05-13,9864,122,97195.87,0.012368207623682076,13,2
CarrefourSA,2026-05-14,10245,249,16046.15,0.024304538799414348,14,3
CarrefourSA,2026-05-15,10164,511,101440.11,0.05027548209366391,15,4
CarrefourSA,2026-05-16,10458,0,0.0,0.0,16,5
CarrefourSA,2026-05-17,9687,834,69515.55,0.08609476618148033,17,6
CarrefourSA,2026-05-18,9792,0,0.0,0.0,18,0
Gurmar,2026-02-22,4963,8,997.5999999999999,0.001611928269192021,22,6
Gurmar,2026-02-27,4939,32,375.0,0.006479044340959708,27,4
Gurmar,2026-02-28,4985,26,322.45000000000005,0.005215646940822468,28,5
Gurmar,2026-03-01,5032,783,31994.329999999998,0.15560413354531002,1,6
Gurmar,2026-03-02,4882,59,1170.3,0.012085210979106923,2,0
Gurmar,2026-03-03,3867,42,410.54999999999995,0.010861132660977503,3,1
Gurmar,2026-03-04,3877,19,265.15,0.004900696414753675,4,2
Gurmar,2026-03-05,4893,41,609.64,0.008379317392192928,5,3
Gurmar,2026-03-06,4863,32,240.7,0.00658030022619782,6,4
Gurmar,2026-03-09,4845,46,569.6,0.009494324045407636,9,0
Gurmar,2026-03-10,4784,20,240.0,0.004180602006688963,10,1
Gurmar,2026-03-11,4853,34,702.5999999999999,0.007005975685143211,11,2
Gurmar,2026-03-12,4890,34,441.50999999999993,0.006952965235173824,12,3
Gurmar,2026-03-13,4980,11,177.04999999999998,0.0022088353413654616,13,4
Gurmar,2026-03-14,5039,71,1702.58,0.014090097241516174,14,5
Gurmar,2026-03-15,5009,6,130.05000000000007,0.0011978438810141745,15,6
Gurmar,2026-03-16,4979,128,5782.45,0.02570797348865234,16,0
Gurmar,2026-03-17,4010,39,623.6,0.00972568578553616,17,1
Gurmar,2026-03-18,4017,15,122.55,0.0037341299477221808,18,2
Gurmar,2026-03-19,5016,11,460.4500000000001,0.0021929824561403508,19,3
Gurmar,2026-03-20,4942,10,47.499999999999986,0.0020234722784297854,20,4
Gurmar,2026-03-21,5032,0,0.0,0.0,21,5
Gurmar,2026-03-22,4084,0,0.0,0.0,22,6
Gurmar,2026-03-23,4004,10,503.95,0.0024975024975024975,23,0
Gurmar,2026-03-24,4895,111,3542.4399999999996,0.022676200204290092,24,1
Gurmar,2026-03-25,4935,57,1898.0,0.011550151975683891,25,2
Gurmar,2026-03-26,4916,30,597.8000000000001,0.006102522375915379,26,3
Gurmar,2026-03-27,4893,16,325.65,0.0032699775189045576,27,4
Gurmar,2026-03-28,4973,6,76.94999999999999,0.0012065151819827067,28,5
Gurmar,2026-03-29,4958,4,42.000000000000014,0.0008067769261799112,29,6
Gurmar,2026-03-30,4943,4,21.000000000000004,0.0008092251669026907,30,0
Gurmar,2026-03-31,4939,13,123.49999999999999,0.0026321117635148814,31,1
Gurmar,2026-04-01,5011,64,3499.73,0.01277190181600479,1,2
Gurmar,2026-04-02,5005,0,0.0,0.0,2,3
Gurmar,2026-04-03,4770,246,6352.5599999999995,0.05157232704402516,3,4
Gurmar,2026-04-04,4884,15,196.05999999999997,0.003071253071253071,4,5
Gurmar,2026-04-05,4820,6,61.499999999999986,0.0012448132780082987,5,6
Gurmar,2026-04-06,3857,17,207.1,0.0044075706507648435,6,0
Gurmar,2026-04-07,3848,70,2559.2999999999997,0.018191268191268192,7,1
Gurmar,2026-04-08,4788,85,4908.7,0.017752715121136173,8,2
Gurmar,2026-04-09,4889,48,1885.3799999999999,0.00981795868275721,9,3
Gurmar,2026-04-10,4876,69,5063.65,0.014150943396226415,10,4
Gurmar,2026-04-11,4862,9,155.5,0.001851090086384204,11,5
Gurmar,2026-04-12,4838,3,6.5,0.0006200909466721786,12,6
Gurmar,2026-04-13,3979,67,317.25,0.016838401608444332,13,0
Gurmar,2026-04-14,3947,30,995.5999999999998,0.007600709399543958,14,1
Gurmar,2026-04-15,4928,161,6211.039999999999,0.032670454545454544,15,2
Gurmar,2026-04-16,4974,75,1025.55,0.015078407720144753,16,3
Gurmar,2026-04-17,5017,35,539.2,0.006976280645804266,17,4
Gurmar,2026-04-18,4150,16,166.5,0.0038554216867469878,18,5
Gurmar,2026-04-19,4137,2,9.5,0.00048344210780759005,19,6
Gurmar,2026-04-20,5019,46,648.85,0.009165172345088663,20,0
Gurmar,2026-04-21,4919,42,1254.05,0.008538320796909941,21,1
Gurmar,2026-04-22,4971,32,322.09999999999997,0.0064373365520016095,22,2
Gurmar,2026-04-23,4104,24,687.6700000000001,0.005847953216374269,23,3
Gurmar,2026-04-24,4078,17,162.60000000000002,0.004168710152035311,24,4
Gurmar,2026-04-25,5039,11,115.0,0.002182972812065886,25,5
Gurmar,2026-04-26,5102,3,37.5,0.0005880047040376323,26,6
Gurmar,2026-04-27,5034,26,565.1,0.005164878823996822,27,0
Gurmar,2026-04-28,4062,38,503.50000000000006,0.009354997538158542,28,1
Gurmar,2026-04-29,4051,22,512.4200000000002,0.0054307578375709705,29,2
Gurmar,2026-05-02,4941,7,74.5,0.0014167172637117992,2,5
Gurmar,2026-05-03,4876,7,42.0,0.001435602953240361,3,6
Gurmar,2026-05-04,4830,110,1189.24,0.022774327122153208,4,0
Gurmar,2026-08-18,273,5,65.47,0.018315018315018316,18,1
Gurmar,2026-08-19,4143,14,183.54999999999995,0.0033791938209027277,19,2
Gurmar,2026-08-20,4143,34,778.35,0.008206613565049481,20,3
Gurmar,2026-08-21,4081,57,1951.85,0.013967164910561138,21,4
Gurmar,2026-08-22,4128,25,369.7,0.006056201550387597,22,5
Gurmar,2026-08-23,4097,3,9.5,0.000732243104710764,23,6
Gurmar,2026-08-24,4150,25,975.65,0.006024096385542169,24,0
Gurmar,2026-08-25,4029,75,1619.1,0.018615040953090096,25,1
Gurmar,2026-08-26,4052,7,36.05,0.0017275419545903258,26,2
Gurmar,2026-08-27,4081,24,659.75,0.0058809115412889,27,3
Gurmar,2026-08-28,3655,18,677.8399999999999,0.004924760601915185,28,4
Gurmar,2026-08-29,4112,12,163.7,0.0029182879377431907,29,5
Gurmar,2026-08-30,4099,1,5.0,0.00024396194193705782,30,6
Gurmar,2026-08-31,4094,9,82.05,0.0021983390327308255,31,0
Gurmar,2026-09-01,3341,491,20225.989999999998,0.1469619874289135,1,1
Gurmar,2026-09-02,3709,45,6675.33,0.01213265031005662,2,2
Gurmar,2026-09-03,3633,3,12.0,0.0008257638315441783,3,3
Gurmar,2026-09-04,3586,22,530.55,0.006134969325153374,4,4
Gurmar,2026-09-05,3497,10,599.39,0.0028595939376608523,5,5
Gurmar,2026-09-06,3627,3,40.0,0.0008271298593879239,6,6
Gurmar,2026-09-07,3483,1,4.5,0.0002871088142405972,7,0
Gurmar,2026-09-08,3384,40,492.45,0.01182033096926714,8,1
Gurmar,2026-09-09,3440,5,46.49999999999997,0.0014534883720930232,9,2
Gurmar,2026-09-10,3476,4,87.45,0.0011507479861910242,10,3
Gurmar,2026-09-11,3778,7,165.25,0.0018528321863419798,11,4
Gurmar,2026-09-12,3761,31,2014.4199999999998,0.00824248869981388,12,5
Gurmar,2026-09-13,3804,6,27.5,0.0015772870662460567,13,6
Gurmar,2026-09-14,3755,49,863.8000000000001,0.013049267643142477,14,0
Gurmar,2026-09-15,3671,39,864.95,0.010623808226641242,15,1
Gurmar,2026-09-16,3568,128,6757.91,0.03587443946188341,16,2
Gurmar,2026-09-17,3464,14,603.3499999999999,0.0040415704387990765,17,3
Gurmar,2026-09-18,3021,29,1222.9499999999998,0.009599470374048328,18,4
Gurmar,2026-09-19,3585,10,273.5,0.002789400278940028,19,5
Gurmar,2026-09-20,3697,1,2.5,0.0002704895861509332,20,6
Gurmar,2026-09-21,3691,16,162.5,0.004334868599295584,21,0
Gurmar,2026-09-22,3622,25,593.3199999999999,0.006902263942573164,22,1
Gurmar,2026-09-23,3575,19,103.0,0.005314685314685315,23,2
Gurmar,2026-09-24,3767,0,0.0,0.0,24,3
Gurmar,2026-09-25,3675,9,107.09999999999998,0.0024489795918367346,25,4
Gurmar,2026-09-26,3726,0,0.0,0.0,26,5
Gurmar,2026-09-27,3727,0,0.0,0.0,27,6
Gurmar,2026-09-28,3727,0,0.0,0.0,28,0
Gurmar,2026-09-29,3726,1,50.04999999999998,0.00026838432635534085,29,1
Gurmar,2026-09-30,3727,0,0.0,0.0,30,2
Gurmar,2026-10-01,3222,94,3572.77,0.029174425822470516,1,3
Gurmar,2026-10-02,2864,0,0.0,0.0,2,4
Gurmar,2026-10-03,3266,0,0.0,0.0,3,5
Gurmar,2026-10-04,3277,0,0.0,0.0,4,6
Hapeloglu,2026-02-25,6055,56,1164.8,0.009248554913294798,25,2
Hapeloglu,2026-02-26,6186,89,1319.0,0.014387326220497898,26,3
Hapeloglu,2026-02-27,6067,125,3556.15,0.02060326355694742,27,4
Hapeloglu,2026-02-28,6147,19,277.20000000000005,0.003090938669269562,28,5
Hapeloglu,2026-03-01,6204,31,341.5,0.004996776273372018,1,6
Hapeloglu,2026-03-02,6195,10,172.10000000000002,0.0016142050040355124,2,0
Hapeloglu,2026-03-03,6193,37,726.6,0.005974487324398515,3,1
Hapeloglu,2026-03-04,6165,68,1306.1,0.01103000811030008,4,2
Hapeloglu,2026-03-05,6209,75,725.3,0.012079239813174424,5,3
Hapeloglu,2026-03-06,6204,23,641.1,0.0037072856221792394,6,4
Hapeloglu,2026-03-07,6211,54,977.2,0.008694252133311866,7,5
Hapeloglu,2026-03-08,6231,1,100.0,0.00016048788316482104,8,6
Hapeloglu,2026-03-09,6188,47,928.3000000000001,0.007595345830639948,9,0
Hapeloglu,2026-03-10,6184,13,339.05000000000007,0.0021021992238033633,10,1
Hapeloglu,2026-03-11,6198,36,653.4,0.005808325266214908,11,2
Hapeloglu,2026-03-12,6260,66,1204.6000000000001,0.010543130990415336,12,3
Hapeloglu,2026-03-13,6265,49,845.4000000000001,0.00782122905027933,13,4
Hapeloglu,2026-03-14,6166,15,1364.2,0.002432695426532598,14,5
Hapeloglu,2026-03-15,6143,96,1459.3,0.015627543545498942,15,6
Hapeloglu,2026-03-16,6264,9,195.0,0.0014367816091954023,16,0
Hapeloglu,2026-03-17,6273,58,968.5,0.009245974812689304,17,1
Hapeloglu,2026-03-18,6268,77,1330.6,0.012284620293554562,18,2
Hapeloglu,2026-03-19,6290,0,0.0,0.0,19,3
Hapeloglu,2026-03-20,6261,33,696.0,0.005270723526593196,20,4
Hapeloglu,2026-03-21,6243,18,285.1,0.0028832292167227293,21,5
Hapeloglu,2026-03-22,6231,3,45.0,0.00048146364949446316,22,6
Hapeloglu,2026-03-23,6224,0,0.0,0.0,23,0
Hapeloglu,2026-03-24,6166,36,1358.0,0.005838469023678235,24,1
Hapeloglu,2026-03-25,5601,99,2482.9,0.017675415104445636,25,2
Hapeloglu,2026-03-26,5602,18,492.0,0.0032131381649410924,26,3
Hapeloglu,2026-03-27,6214,56,1540.8999999999999,0.009011908593498551,27,4
Hapeloglu,2026-03-28,6208,69,3384.5,0.011114690721649485,28,5
Hapeloglu,2026-03-29,6219,89,1908.8,0.014310982473066409,29,6
Hapeloglu,2026-03-30,6189,7,236.5,0.0011310389400549362,30,0
Hapeloglu,2026-03-31,6188,11,864.5,0.001777634130575307,31,1
Hapeloglu,2026-04-01,6193,65,1169.0,0.010495720975294687,1,2
Hapeloglu,2026-04-02,6205,54,460.84999999999997,0.008702659145850122,2,3
Hapeloglu,2026-04-03,6159,55,1005.1000000000005,0.008930021107322618,3,4
Hapeloglu,2026-04-04,6252,72,1985.45,0.011516314779270634,4,5
Hapeloglu,2026-04-05,6276,51,854.4000000000001,0.008126195028680689,5,6
Hapeloglu,2026-04-06,6284,0,0.0,0.0,6,0
Hapeloglu,2026-04-07,6251,27,353.59999999999997,0.004319308910574308,7,1
Hapeloglu,2026-04-08,6267,48,645.55,0.007659167065581618,8,2
Hapeloglu,2026-04-09,6251,62,749.4,0.009918413053911375,9,3
Hapeloglu,2026-04-10,6246,62,962.6999999999999,0.009926352865834135,10,4
Hapeloglu,2026-04-11,6311,44,1079.7,0.0069719537315797815,11,5
Hapeloglu,2026-04-12,6364,115,1461.85,0.01807039597737272,12,6
Hapeloglu,2026-04-13,6217,18,172.0,0.002895287115972334,13,0
Hapeloglu,2026-04-14,6249,36,1215.15,0.005760921747479597,14,1
Hapeloglu,2026-04-15,6421,84,656.0,0.013082074443233142,15,2
Hapeloglu,2026-04-16,6380,49,994.45,0.007680250783699059,16,3
Hapeloglu,2026-04-17,6423,0,0.0,0.0,17,4
Hapeloglu,2026-04-18,6400,70,2447.25,0.0109375,18,5
Hapeloglu,2026-04-19,6375,94,952.0,0.014745098039215686,19,6
Hapeloglu,2026-04-20,6375,7,296.0,0.0010980392156862745,20,0
Hapeloglu,2026-04-21,6373,59,599.0,0.009257806370626079,21,1
Hapeloglu,2026-04-22,6389,20,529.9,0.0031303803412114574,22,2
Hapeloglu,2026-04-23,6449,68,3205.6,0.010544270429523958,23,3
Hapeloglu,2026-04-24,6416,59,753.35,0.00919576059850374,24,4
Hapeloglu,2026-04-25,6334,46,389.7,0.007262393432270287,25,5
Hapeloglu,2026-04-26,6408,25,299.40000000000003,0.0039013732833957553,26,6
Hapeloglu,2026-04-27,6431,2,19.80000000000001,0.00031099362463069506,27,0
Hapeloglu,2026-04-28,6411,33,496.3,0.005147402901263453,28,1
Hapeloglu,2026-04-29,6454,46,1312.35,0.007127362875735978,29,2
Hapeloglu,2026-04-30,6494,85,2346.1,0.013089005235602094,30,3
Hapeloglu,2026-05-01,6577,93,2610.0,0.014140185494906492,1,4
Hapeloglu,2026-05-02,6561,66,927.35,0.010059442158207591,2,5
Hapeloglu,2026-05-03,6559,2,27.4,0.0003049245311785333,3,6
Hapeloglu,2026-05-04,6518,65,1109.55,0.009972384166922369,4,0
Hapeloglu,2026-05-05,6524,39,1309.4,0.005977927651747394,5,1
Hapeloglu,2026-05-06,6501,71,1425.9,0.010921396708198739,6,2
Hapeloglu,2026-05-07,6503,48,646.1,0.00738120867292019,7,3
Hapeloglu,2026-05-08,6495,64,1747.55,0.00985373364126251,8,4
Hapeloglu,2026-05-09,6488,61,1477.2,0.0094019728729963,9,5
Hapeloglu,2026-05-10,6478,108,1172.55,0.01667181228774313,10,6
Hapeloglu,2026-05-11,6490,63,1085.9,0.00970724191063174,11,0
Hapeloglu,2026-05-12,6495,4,91.89999999999998,0.0006158583525789069,12,1
Hapeloglu,2026-05-13,6498,46,1289.3,0.007079101261926747,13,2
Hapeloglu,2026-05-14,6504,139,1779.05,0.021371463714637145,14,3
Hapeloglu,2026-05-15,6495,27,1766.6,0.004157043879907622,15,4
Hapeloglu,2026-05-16,6506,27,412.9,0.004150015370427298,16,5
Hapeloglu,2026-05-17,6493,117,2674.9,0.018019405513630064,17,6
Hapeloglu,2026-05-18,6477,9,378.0,0.0013895321908290875,18,0
Hapeloglu,2026-05-19,6541,0,0.0,0.0,19,1
Hapeloglu,2026-05-20,6499,135,2042.7,0.020772426527158026,20,2
Hapeloglu,2026-05-21,6537,142,2897.8,0.021722502677068992,21,3
Hapeloglu,2026-05-24,6516,188,3662.85,0.028852056476365868,24,6
Hapeloglu,2026-05-25,6544,10,140.4,0.001528117359413203,25,0
Hapeloglu,2026-05-26,6534,51,1152.4,0.007805325987144169,26,1
Hapeloglu,2026-05-27,6557,71,1050.5,0.010828122617050481,27,2
Hapeloglu,2026-05-28,6553,1,70.0,0.00015260186174271325,28,3
Hapeloglu,2026-05-29,6535,3,30.0,0.0004590665646518745,29,4
Hapeloglu,2026-05-30,6516,1,5.0,0.0001534683855125844,30,5
Hapeloglu,2026-05-31,6490,13,322.70000000000005,0.002003081664098613,31,6
Hapeloglu,2026-06-01,6482,12,370.9,0.0018512804689910522,1,0
Hapeloglu,2026-06-02,6469,26,755.1,0.004019168341320142,2,1
Hapeloglu,2026-08-12,6333,38,602.3,0.006000315806095058,12,2
Hapeloglu,2026-08-13,6252,3,304.1,0.0004798464491362764,13,3
Hapeloglu,2026-08-14,6015,55,1104.8,0.00914380714879468,14,4
Hapeloglu,2026-08-15,5965,142,3091.35,0.023805532271584242,15,5
Hapeloglu,2026-08-16,6009,0,0.0,0.0,16,6
Hapeloglu,2026-08-17,5982,47,531.3,0.007856904045469742,17,0
Hapeloglu,2026-08-18,5946,14,190.4,0.0023545240497813654,18,1
Hapeloglu,2026-08-19,5940,18,765.7,0.0030303030303030303,19,2
Hapeloglu,2026-08-20,5973,83,1309.8,0.013895864724594007,20,3
Hapeloglu,2026-08-21,5975,0,0.0,0.0,21,4
Hapeloglu,2026-08-22,5949,83,1476.6,0.013951924693225752,22,5
Hapeloglu,2026-08-23,5958,93,1346.45,0.015609264853977844,23,6
Hapeloglu,2026-08-24,5962,55,599.3,0.00922509225092251,24,0
Hapeloglu,2026-08-25,5940,7,69.5,0.0011784511784511784,25,1
Hapeloglu,2026-08-26,5904,32,1236.1,0.005420054200542005,26,2
Hapeloglu,2026-08-27,5904,79,1468.2,0.013380758807588076,27,3
Hapeloglu,2026-08-28,5920,7,206.6,0.0011824324324324325,28,4
Hapeloglu,2026-08-29,5924,71,1934.1,0.01198514517218096,29,5
Hapeloglu,2026-08-30,5907,44,1523.7,0.0074487895716946,30,6
Hapeloglu,2026-08-31,5921,68,1100.05,0.011484546529302482,31,0
Hapeloglu,2026-09-01,5889,8,96.5,0.001358464934623875,1,1
Hapeloglu,2026-09-02,130,0,0.0,0.0,2,2
Hapeloglu,2026-09-03,127,9,68.1,0.07086614173228346,3,3
Hapeloglu,2026-09-04,5867,47,982.6,0.008010908471109596,4,4
Hapeloglu,2026-09-05,5872,85,1995.05,0.014475476839237058,5,5
Hapeloglu,2026-09-06,5844,90,3765.6,0.015400410677618069,6,6
Hapeloglu,2026-09-07,5863,61,759.8499999999999,0.01040422991642504,7,0
Hapeloglu,2026-09-24,5812,97,1141.95,0.016689607708189953,24,3
Hapeloglu,2026-09-30,5757,27,762.5,0.004689942678478374,30,2
Hapeloglu,2026-10-01,5728,42,512.2,0.007332402234636872,1,3
Hapeloglu,2026-10-02,5688,7,125.1,0.0012306610407876231,2,4
Hapeloglu,2026-10-03,5675,89,1575.75,0.01568281938325991,3,5
Hapeloglu,2026-10-04,5639,66,1189.7,0.011704202872849796,4,6
Hapeloglu,2026-10-05,5591,93,912.55,0.016633875871937043,5,0
Hapeloglu,2026-10-06,5632,0,0.0,0.0,6,1
HappyCenter,2026-03-05,7751,103,2087.000000000001,0.01328860792155851,5,3
HappyCenter,2026-03-06,6534,2231,248248.95,0.34144475053565965,6,4
HappyCenter,2026-03-07,6578,26,1731.6,0.003952569169960474,7,5
HappyCenter,2026-03-08,6578,0,0.0,0.0,8,6
HappyCenter,2026-03-09,6578,46,1840.6000000000001,0.006993006993006993,9,0
HappyCenter,2026-03-10,6544,122,4243.5,0.018643031784841075,10,1
HappyCenter,2026-03-11,6093,173,9354.749999999998,0.028393238142130312,11,2
HappyCenter,2026-03-12,4459,1503,167703.5,0.33707109217313297,12,3
HappyCenter,2026-03-13,4191,211,9956.15,0.050345979479837745,13,4
HappyCenter,2026-03-14,4097,29,613.7999999999997,0.007078350012204052,14,5
Ideal,2026-02-21,2815,11,902.9000000000001,0.003907637655417406,21,5
Ideal,2026-02-22,2818,0,0.0,0.0,22,6
Ideal,2026-02-25,2782,81,1323.6499999999999,0.029115744069015098,25,2
Ideal,2026-02-26,2769,13,347.15,0.004694835680751174,26,3
Ideal,2026-02-27,2772,25,144.8,0.009018759018759018,27,4
Ideal,2026-02-28,2775,7,64.9,0.0025225225225225223,28,5
Ideal,2026-03-01,2774,234,8481.54,0.08435472242249459,1,6
Ideal,2026-03-02,2765,12,688.5999999999999,0.00433996383363472,2,0
Ideal,2026-03-03,2743,16,1113.9,0.005833029529711994,3,1
Ideal,2026-03-04,2745,12,132.95000000000002,0.004371584699453552,4,2
Ideal,2026-03-05,2736,7,165.99999999999997,0.0025584795321637425,5,3
Ideal,2026-03-06,2714,6,85.0,0.002210759027266028,6,4
Ideal,2026-03-07,2692,11,250.09999999999997,0.004086181277860327,7,5
Kale,2026-03-02,3882,4,17.0,0.0010303967027305513,2,0
Kale,2026-03-03,3895,65,1244.89,0.01668806161745828,3,1
Kale,2026-03-04,3893,37,1047.9,0.009504238376573337,4,2
Kale,2026-03-05,3895,43,1467.7,0.011039794608472401,5,3
Kale,2026-03-09,3800,5,86.5,0.0013157894736842105,9,0
Kale,2026-03-10,3794,63,1641.7,0.016605166051660517,10,1
Kale,2026-03-11,3740,22,483.0,0.0058823529411764705,11,2
Kale,2026-03-12,3708,2,85.0,0.0005393743257820927,12,3
Kale,2026-03-13,3715,97,2775.4,0.026110363391655452,13,4
Kale,2026-03-14,3721,50,32831.751,0.013437248051599033,14,5
Kale,2026-03-15,3869,14,371.0,0.00361850607392091,15,6
Kale,2026-03-16,3897,0,0.0,0.0,16,0
Kale,2026-03-17,3904,17,667.3,0.004354508196721311,17,1
Kale,2026-03-18,3915,59,1354.3,0.015070242656449554,18,2
Kale,2026-03-19,3916,60,1395.24,0.015321756894790603,19,3
Kale,2026-03-20,3926,67,1294.1,0.01706571574121243,20,4
Kale,2026-03-21,3927,2,19.10000000000001,0.0005092946269416857,21,5
Kale,2026-03-22,3912,0,0.0,0.0,22,6
Kale,2026-03-23,3940,0,0.0,0.0,23,0
Kale,2026-03-24,3975,46,951.0,0.011572327044025157,24,1
Kale,2026-03-25,3976,44,1180.6,0.011066398390342052,25,2
Kale,2026-03-26,3926,15,676.4,0.0038206826286296485,26,3
Kale,2026-03-27,4042,74,1439.63,0.01830776843146957,27,4
Kale,2026-03-28,4045,0,0.0,0.0,28,5
Kale,2026-03-29,4059,9,279.4,0.0022172949002217295,29,6
Kale,2026-03-30,4129,1,7.0,0.0002421893921046258,30,0
Kale,2026-04-02,4127,2,22.0,0.000484613520717228,2,3
Kale,2026-04-03,4128,92,1746.975,0.022286821705426358,3,4
Kale,2026-04-06,4128,9,180.89999999999998,0.002180232558139535,6,0
Kale,2026-04-07,4118,32,573.8,0.007770762506070908,7,1
Kale,2026-04-08,4106,18,333.6,0.00438382854359474,8,2
Kale,2026-04-09,4101,47,468.406,0.011460619361131432,9,3
Kale,2026-04-10,4167,27,214.50000000000006,0.0064794816414686825,10,4
Kale,2026-04-11,4180,4,80.1,0.0009569377990430622,11,5
Kale,2026-04-12,4212,38,565.1,0.009021842355175688,12,6
Kale,2026-04-13,4239,13,87.0,0.003066761028544468,13,0
Kale,2026-04-14,4229,65,1320.45,0.015370063844880587,14,1
Kale,2026-04-15,4254,13,184.1,0.0030559473436765397,15,2
Kale,2026-04-16,4257,70,1170.7,0.01644350481559784,16,3
Kale,2026-04-17,4278,33,601.3,0.007713884992987377,17,4
Kale,2026-04-18,4289,10,498.3,0.0023315458148752623,18,5
Kale,2026-04-19,4483,19,834.9000000000001,0.004238233325897837,19,6
Kale,2026-04-20,4489,2,369.1,0.00044553352639786146,20,0
Kale,2026-04-21,4490,50,1035.6,0.011135857461024499,21,1
Kale,2026-04-22,4025,40,857.8,0.009937888198757764,22,2
Kale,2026-04-23,3720,58,596.7,0.015591397849462365,23,3
Kale,2026-04-24,3667,74,1417.1,0.020179983637851104,24,4
Kale,2026-04-25,3713,6,94.1,0.0016159439806086723,25,5
Kale,2026-04-26,3844,11,196.0,0.0028616024973985433,26,6
Kale,2026-04-27,3854,0,0.0,0.0,27,0
Kale,2026-04-28,3969,18,270.1,0.0045351473922902496,28,1
Kale,2026-04-29,3878,13,236.29999999999998,0.0033522434244455906,29,2
Kale,2026-04-30,3821,8,140.0,0.002093692750588851,30,3
Kale,2026-05-01,3917,129,1272.84,0.03293336737298953,1,4
Kale,2026-05-02,3857,13,155.0,0.0033704952035260565,2,5
Kale,2026-05-03,3927,27,558.2,0.006875477463712758,3,6
Kale,2026-05-04,3930,0,0.0,0.0,4,0
Kale,2026-05-05,3772,71,1095.55,0.018822905620360552,5,1
Kale,2026-05-06,3741,56,692.8000000000001,0.014969259556268377,6,2
Kale,2026-05-07,3857,57,1037.25,0.014778325123152709,7,3
Kale,2026-05-08,3920,16,205.2,0.004081632653061225,8,4
Kale,2026-05-09,4005,36,393.7,0.008988764044943821,9,5
Kale,2026-05-10,3974,4,75.1,0.0010065425264217413,10,6
Kale,2026-05-11,3906,0,0.0,0.0,11,0
Kale,2026-05-12,3918,24,601.6800000000001,0.006125574272588055,12,1
Kale,2026-05-13,3933,76,1227.2,0.01932367149758454,13,2
Kale,2026-05-17,3882,9,92.5,0.00231839258114374,17,6
Kale,2026-05-18,3973,1,4.0,0.0002516989680342311,18,0
Kale,2026-05-19,3937,67,888.1,0.017018034036068073,19,1
Kale,2026-05-20,3884,52,1185.65,0.013388259526261586,20,2
Kale,2026-05-21,3887,75,1795.8,0.019295086184718292,21,3
Kale,2026-05-22,3824,23,430.09999999999997,0.006014644351464435,22,4
Kale,2026-05-23,3860,75,1831.0,0.019430051813471502,23,5
Kale,2026-05-24,3927,13,200.10000000000002,0.0033104150751209573,24,6
Kale,2026-05-25,4001,6,39.199999999999996,0.0014996250937265683,25,0
Kale,2026-05-26,3951,10,219.70000000000002,0.002531004808909137,26,1
Kale,2026-08-17,3977,24,539.5,0.0060346995222529546,17,0
Kale,2026-08-18,4107,1,14.0,0.00024348672997321646,18,1
Kale,2026-08-19,4102,28,1064.505,0.006825938566552901,19,2
Kale,2026-08-20,4074,33,677.2,0.008100147275405008,20,3
Kale,2026-08-21,4170,117,2869.6,0.02805755395683453,21,4
Kale,2026-08-22,4270,27,456.7,0.006323185011709602,22,5
Kale,2026-08-23,4223,30,432.6,0.007103954534690978,23,6
Kale,2026-08-24,4139,21,377.30000000000007,0.005073689296931626,24,0
Kale,2026-08-25,4133,1,29.0,0.00024195499637067505,25,1
Kale,2026-08-26,4034,11,123.19999999999999,0.002726822012890431,26,2
Kale,2026-08-27,4034,44,777.9,0.010907288051561725,27,3
Kale,2026-08-28,3631,6,291.5,0.0016524373450839988,28,4
Kale,2026-08-29,2561,1,13.0,0.0003904724716907458,29,5
Kale,2026-08-30,2717,17,309.0,0.006256900993743099,30,6
Kale,2026-08-31,4040,29,570.5,0.0071782178217821785,31,0
Kale,2026-09-01,4100,0,0.0,0.0,1,1
Kale,2026-09-02,4052,2,49.5,0.0004935834155972359,2,2
Kale,2026-09-03,3988,115,2345.26,0.028836509528585758,3,3
Kale,2026-09-04,4069,49,834.15,0.01204227082821332,4,4
Kale,2026-09-05,70,3,4.099999999999994,0.04285714285714286,5,5
Kale,2026-09-06,77,4,76.0,0.05194805194805195,6,6
Kale,2026-09-24,3996,29,600.2,0.007257257257257258,24,3
Kale,2026-09-30,3996,56,287.25,0.014014014014014014,30,2
Kale,2026-10-01,3834,11,132.5,0.0028690662493479394,1,3
Kale,2026-10-02,3976,78,1539.4,0.019617706237424547,2,4
Kale,2026-10-03,4492,37,647.1,0.00823686553873553,3,5
Kale,2026-10-04,4361,14,273.5,0.0032102728731942215,4,6
Kale,2026-10-05,3922,23,270.0,0.005864354920958694,5,0
Kale,2026-10-06,3934,0,0.0,0.0,6,1
Kim,2026-02-26,2334,22,415.0,0.009425878320479864,26,3
Kim,2026-02-27,2356,10,304.5,0.004244482173174873,27,4
Kim,2026-02-28,2337,153,4392.71,0.06546854942233633,28,5
Kim,2026-03-01,2329,183,3983.82,0.0785744954916273,1,6
Kim,2026-03-02,2270,79,1350.29,0.03480176211453744,2,0
Kim,2026-03-03,2247,20,455.05000000000007,0.008900756564307966,3,1
Kim,2026-03-04,2256,29,705.45,0.012854609929078014,4,2
Kim,2026-03-05,2292,12,161.01999999999998,0.005235602094240838,5,3
Kim,2026-03-06,2274,12,563.0,0.005277044854881266,6,4
Kim,2026-03-07,2310,23,628.51,0.009956709956709957,7,5
Kim,2026-03-08,2283,2,13.0,0.0008760402978537013,8,6
Kim,2026-03-09,2233,31,388.94000000000005,0.013882669055082848,9,0
Kim,2026-03-10,2254,14,216.93999999999997,0.006211180124223602,10,1
Kim,2026-03-11,2253,34,979.4000000000001,0.015090989791389259,11,2
Kim,2026-03-12,2282,10,99.0,0.0043821209465381246,12,3
Kim,2026-03-13,2277,7,160.0,0.0030742204655248135,13,4
Kim,2026-03-14,2316,48,1697.01,0.02072538860103627,14,5
Kim,2026-03-15,2310,0,0.0,0.0,15,6
Kim,2026-03-16,2289,21,469.95,0.009174311926605505,16,0
Kim,2026-03-17,2259,21,588.4100000000001,0.009296148738379814,17,1
Kim,2026-03-18,2271,11,200.0,0.0048436811977102595,18,2
Kim,2026-03-19,2320,18,315.51,0.007758620689655172,19,3
Kim,2026-03-20,2285,4,60.03999999999999,0.00175054704595186,20,4
Kim,2026-03-21,2307,0,0.0,0.0,21,5
Kim,2026-03-22,2293,0,0.0,0.0,22,6
Kim,2026-03-23,2259,27,516.5,0.01195219123505976,23,0
Kim,2026-03-24,2259,29,654.0,0.012837538733953076,24,1
Kim,2026-03-25,2249,36,634.0300000000001,0.01600711427301023,25,2
Kim,2026-03-26,2277,21,572.02,0.00922266139657444,26,3
Kim,2026-03-27,2296,2,30.0,0.0008710801393728223,27,4
Kim,2026-03-28,2374,10,172.71,0.004212299915754001,28,5
Kim,2026-03-29,2369,0,0.0,0.0,29,6
Kim,2026-03-30,2354,10,286.0,0.004248088360237893,30,0
Kim,2026-03-31,2357,26,420.0,0.01103097157403479,31,1
Kim,2026-04-01,2348,79,1486.72,0.03364565587734242,1,2
Kim,2026-04-02,2331,18,520.75,0.007722007722007722,2,3
Kim,2026-04-03,2301,12,213.0,0.005215123859191656,3,4
Kim,2026-04-04,2354,39,1172.8,0.01656754460492778,4,5
Kim,2026-04-05,2319,2,20.0,0.0008624407072013799,5,6
Kim,2026-04-06,2314,4,70.0,0.001728608470181504,6,0
Kim,2026-04-07,2272,32,352.0,0.014084507042253521,7,1
Kim,2026-04-08,2266,5,110.0,0.002206531332744925,8,2
Kim,2026-04-09,2325,63,2478.86,0.027096774193548386,9,3
Kim,2026-04-10,2305,83,3317.77,0.03600867678958785,10,4
Kim,2026-04-11,2336,7,209.0,0.0029965753424657533,11,5
Kim,2026-04-12,2341,0,0.0,0.0,12,6
Kim,2026-04-13,2308,60,1853.0,0.025996533795493933,13,0
Kim,2026-04-14,2275,24,377.01,0.01054945054945055,14,1
Kim,2026-04-15,2320,80,1711.8000000000002,0.034482758620689655,15,2
Kim,2026-04-16,2330,48,366.54,0.020600858369098713,16,3
Kim,2026-04-17,2308,7,77.00000000000009,0.0030329289428076256,17,4
Kim,2026-04-18,2312,13,286.01,0.005622837370242215,18,5
Kim,2026-04-19,2306,0,0.0,0.0,19,6
Kim,2026-04-20,2307,61,461.98,0.026441265713047248,20,0
Kim,2026-04-21,2308,24,493.02000000000004,0.010398613518197574,21,1
Kim,2026-04-22,2283,30,346.0,0.013140604467805518,22,2
Kim,2026-04-23,2288,42,207.54000000000002,0.018356643356643356,23,3
Kim,2026-04-24,2279,16,306.11,0.007020623080298377,24,4
Kim,2026-04-25,2268,6,105.00000000000003,0.0026455026455026454,25,5
Kim,2026-04-26,2245,2,50.0,0.0008908685968819599,26,6
Kim,2026-04-27,2259,19,258.0,0.008410801239486499,27,0
Kim,2026-04-28,2098,20,221.51,0.009532888465204958,28,1
Kim,2026-04-29,2242,34,1591.0,0.015165031222123104,29,2
Kim,2026-04-30,2285,14,514.0,0.00612691466083151,30,3
Kim,2026-05-08,2227,15,270.03,0.00673551863493489,8,4
Kim,2026-05-09,2263,26,391.5,0.011489173663278833,9,5
Kim,2026-05-10,2265,1,30.000000000000014,0.0004415011037527594,10,6
Kim,2026-05-11,2269,111,2767.07,0.048920229175848394,11,0
Kim,2026-05-12,2229,41,944.0100000000001,0.018393898609241812,12,1
Kim,2026-05-13,2220,53,719.8100000000001,0.023873873873873873,13,2
Kim,2026-05-14,2246,28,503.86,0.012466607301869992,14,3
Kim,2026-05-15,2239,39,415.51,0.017418490397498883,15,4
Kim,2026-05-16,2228,50,701.1,0.02244165170556553,16,5
Kim,2026-05-17,2301,6,45.0,0.002607561929595828,17,6
Kim,2026-05-18,2273,196,8068.860000000001,0.086229652441707,18,0
Kim,2026-05-19,2255,33,682.0900000000001,0.014634146341463415,19,1
Kim,2026-05-20,2256,9,107.50000000000003,0.003989361702127659,20,2
Kim,2026-05-21,2288,33,878.99,0.014423076923076924,21,3
Kim,2026-05-22,2283,26,372.32000000000005,0.011388523872098117,22,4
Kim,2026-05-23,2337,7,105.0,0.002995293110825845,23,5
Kim,2026-05-24,2610,2,55.0,0.0007662835249042146,24,6
Kim,2026-05-25,2610,23,655.98,0.008812260536398468,25,0
Kim,2026-05-26,2610,5,40.0,0.0019157088122605363,26,1
Kim,2026-08-16,2314,9,245.0,0.0038893690579083835,16,6
Kim,2026-08-17,2293,25,1071.41,0.010902747492368076,17,0
Kim,2026-08-18,2264,19,121.50000000000001,0.008392226148409895,18,1
Kim,2026-08-19,2267,15,429.01,0.0066166740185266875,19,2
Kim,2026-08-20,2258,177,5786.990000000001,0.07838795394154119,20,3
Kim,2026-08-21,2265,22,344.35999999999996,0.009713024282560706,21,4
Kim,2026-08-22,2311,21,870.0,0.009086975335352661,22,5
Kim,2026-08-23,2313,4,49.99999999999998,0.0017293558149589277,23,6
Kim,2026-08-24,2335,30,854.8000000000001,0.01284796573875803,24,0
Kim,2026-08-25,2311,20,455.02000000000004,0.00865426222414539,25,1
Kim,2026-08-26,2303,11,311.00000000000006,0.004776378636561007,26,2
Kim,2026-08-27,2303,4,37.0,0.0017368649587494573,27,3
Kim,2026-08-28,2288,21,713.04,0.009178321678321678,28,4
Kim,2026-08-29,2301,34,425.01000000000005,0.01477618426770969,29,5
Kim,2026-08-30,2290,4,35.0,0.0017467248908296944,30,6
Kim,2026-08-31,2270,26,843.5700000000002,0.01145374449339207,31,0
Kim,2026-09-01,2257,223,6870.83,0.09880372175454143,1,1
Kim,2026-09-02,2228,97,3792.13,0.043536804308797125,2,2
Kim,2026-09-03,2198,68,2043.64,0.030937215650591446,3,3
Kim,2026-09-04,2178,31,692.8699999999999,0.014233241505968778,4,4
Kim,2026-09-05,2200,110,1870.58,0.05,5,5
Kim,2026-09-06,2167,14,474.45000000000005,0.006460544531610522,6,6
Kim,2026-09-07,2132,6,226.0,0.0028142589118198874,7,0
Kim,2026-09-24,2124,1,10.0,0.00047080979284369113,24,3
Kim,2026-09-30,2141,61,1516.42,0.02849135917795423,30,2
Kim,2026-10-01,2018,258,5472.7,0.1278493557978196,1,3
Kim,2026-10-02,1993,26,278.06,0.013045659809332665,2,4
Kim,2026-10-03,1972,8,194.03999999999996,0.004056795131845842,3,5
Kim,2026-10-04,1933,15,111.39000000000001,0.007759958613554061,4,6
Kim,2026-10-05,1888,20,898.9200000000001,0.01059322033898305,5,0
Kim,2026-10-06,1867,1,45.010000000000005,0.0005356186395286556,6,1
Macrocenter,2026-02-21,8195,44,1816.5300000000002,0.005369127516778523,21,5
Macrocenter,2026-02-22,7999,0,0.0,0.0,22,6
Macrocenter,2026-02-23,7851,61,4262.01,0.0077697108648579795,23,0
Macrocenter,2026-02-24,8233,33,1015.5999999999999,0.004008259443702174,24,1
Macrocenter,2026-02-25,8176,129,7997.64,0.01577788649706458,25,2
Macrocenter,2026-02-26,8162,121,7042.349999999999,0.014824797843665768,26,3
Macrocenter,2026-02-27,8177,39,1786.0,0.0047694753577106515,27,4
Macrocenter,2026-03-02,7953,17,639.63,0.0021375581541556647,2,0
Macrocenter,2026-03-03,8164,99,6284.27,0.01212640862322391,3,1
Macrocenter,2026-03-04,7991,34,2365.0699999999997,0.004254786634964335,4,2
Macrocenter,2026-03-05,7841,285,44132.35,0.03634740466777197,5,3
Macrocenter,2026-03-06,7792,57,9485.59,0.007315195071868583,6,4
Macrocenter,2026-03-07,7745,70,3801.05,0.009038089089735314,7,5
Macrocenter,2026-03-08,7691,3,619.95,0.0003900663112729164,8,6
Macrocenter,2026-03-09,7527,27,3219.0,0.0035870864886408927,9,0
Macrocenter,2026-03-10,7842,59,1602.86,0.007523590920683499,10,1
Macrocenter,2026-03-11,7951,25,1287.0,0.003144258583825934,11,2
Macrocenter,2026-03-12,7875,82,5805.880000000001,0.010412698412698413,12,3
Macrocenter,2026-03-15,7885,6,506.8499999999999,0.0007609384908053266,15,6
Macrocenter,2026-03-20,8008,240,37451.18,0.029970029970029972,20,4
Macrocenter,2026-03-21,8111,3,72.0,0.0003698680803846628,21,5
Macrocenter,2026-03-22,7827,0,0.0,0.0,22,6
Macrocenter,2026-03-23,7703,17,1173.9,0.0022069323640140203,23,0
Macrocenter,2026-03-24,7903,47,2357.78,0.00594710869290143,24,1
Macrocenter,2026-03-25,7654,20,732.68,0.0026130128037627383,25,2
Macrocenter,2026-03-28,7924,71,1593.24,0.008960121150933871,28,5
Macrocenter,2026-03-29,7686,1,204.95,0.00013010668748373666,29,6
Macrocenter,2026-03-30,7616,33,3300.94,0.004332983193277311,30,0
Macrocenter,2026-03-31,7725,80,2503.85,0.010355987055016181,31,1
Macrocenter,2026-04-01,7723,101,5095.629999999999,0.013077819500194226,1,2
Macrocenter,2026-04-02,7877,54,2398.4,0.00685540180271677,2,3
Macrocenter,2026-04-12,7946,69,6027.03,0.008683614397180971,12,6
Macrocenter,2026-04-13,7909,21,2067.29,0.00265520293336705,13,0
Macrocenter,2026-04-14,8112,20,1327.9799999999996,0.002465483234714004,14,1
Macrocenter,2026-04-15,8096,66,2416.5,0.008152173913043478,15,2
Macrocenter,2026-04-16,8371,125,13153.019999999999,0.014932505077051727,16,3
Macrocenter,2026-04-17,8149,100,20913.4,0.012271444348999877,17,4
Macrocenter,2026-04-20,7893,57,3699.9700000000003,0.007221588749524895,20,0
Macrocenter,2026-04-21,8237,114,6845.51,0.013839990287726114,21,1
Macrocenter,2026-04-22,7890,120,9801.09,0.015209125475285171,22,2
Macrocenter,2026-04-23,7840,82,6419.150000000001,0.010459183673469388,23,3
Macrocenter,2026-04-24,7957,60,2057.98,0.007540530350634661,24,4
Macrocenter,2026-04-25,8091,29,4009.25,0.0035842293906810036,25,5
Macrocenter,2026-04-26,7899,1,15.000000000000007,0.000126598303582732,26,6
Macrocenter,2026-04-27,7820,46,3405.65,0.0058823529411764705,27,0
Macrocenter,2026-04-28,8030,44,1013.54,0.005479452054794521,28,1
Macrocenter,2026-04-29,8143,36,1791.7,0.004420975070612797,29,2
Macrocenter,2026-04-30,8244,95,5406.3,0.011523532265890344,30,3
Macrocenter,2026-05-05,7997,48,1828.4499999999998,0.006002250844066525,5,1
Macrocenter,2026-05-08,8026,376,52356.75,0.04684774482930476,8,4
Macrocenter,2026-05-09,8184,55,3179.89,0.006720430107526882,9,5
Macrocenter,2026-05-10,8052,14,2029.42,0.0017386984600099354,10,6
Macrocenter,2026-05-11,7396,308,69286.65,0.04164413196322336,11,0
Macrocenter,2026-05-16,7800,162,11165.16,0.02076923076923077,16,5
Macrocenter,2026-05-17,7801,0,0.0,0.0,17,6
Macrocenter,2026-08-12,7881,38,3693.62,0.004821723131582287,12,2
Macrocenter,2026-08-13,7677,110,8246.6,0.014328513742347272,13,3
Macrocenter,2026-08-14,7744,52,5544.3,0.006714876033057851,14,4
Macrocenter,2026-08-15,7674,87,19513.5,0.011336982017200938,15,5
Macrocenter,2026-08-16,7986,17,2015.0,0.002128725269221137,16,6
Macrocenter,2026-08-17,7731,323,104258.54,0.041779847367740264,17,0
Macrocenter,2026-08-18,7635,24,255.40000000000003,0.003143418467583497,18,1
Macrocenter,2026-08-19,7590,43,7274.179999999999,0.005665349143610013,19,2
Macrocenter,2026-08-20,7408,164,34866.70999999999,0.022138228941684664,20,3
Macrocenter,2026-08-21,7306,340,48502.39,0.046537092800437996,21,4
Macrocenter,2026-08-22,7184,55,4500.499999999999,0.007655902004454343,22,5
Macrocenter,2026-08-23,7143,0,0.0,0.0,23,6
Macrocenter,2026-08-24,7299,7,876.3599999999999,0.0009590354843129195,24,0
Macrocenter,2026-08-25,7406,25,932.15,0.0033756413718606534,25,1
Macrocenter,2026-08-26,7106,72,4976.889999999999,0.010132282578103011,26,2
Macrocenter,2026-08-27,7252,628,241975.45,0.08659680088251517,27,3
Macrocenter,2026-08-28,7127,149,6778.85,0.02090641223516206,28,4
Macrocenter,2026-08-29,7743,258,18067.61,0.03332041844246416,29,5
Macrocenter,2026-08-30,7766,0,0.0,0.0,30,6
Macrocenter,2026-08-31,7738,71,8600.1,0.009175497544585165,31,0
Macrocenter,2026-09-01,7687,335,34211.22,0.04358007024847144,1,1
Macrocenter,2026-09-02,7652,194,12313.039999999999,0.025352848928384734,2,2
Macrocenter,2026-09-03,7512,283,43141.86,0.037673056443024495,3,3
Macrocenter,2026-09-04,7688,37,2305.0,0.0048126951092611866,4,4
Macrocenter,2026-09-05,7693,19,2011.3,0.0024697777200051994,5,5
Macrocenter,2026-09-06,7653,2,150.0,0.00026133542401672545,6,6
Macrocenter,2026-09-07,7795,34,1866.9499999999998,0.0043617703656189865,7,0
Macrocenter,2026-09-24,6612,139,27167.009999999995,0.02102238354506957,24,3
Macrocenter,2026-09-30,5999,40,787.7,0.006667777962993832,30,2
Macrocenter,2026-10-01,5295,242,21110.36,0.04570349386213409,1,3
Macrocenter,2026-10-02,5730,23,329.65000000000003,0.004013961605584642,2,4
Macrocenter,2026-10-03,5916,23,673.4499999999997,0.003887762001352265,3,5
Macrocenter,2026-10-04,5487,0,0.0,0.0,4,6
Macrocenter,2026-10-05,5255,25,1287.4500000000003,0.004757373929590866,5,0
Macrocenter,2026-10-06,5303,44,1732.75,0.008297190269658684,6,1
Marketzade,2026-02-25,2621,0,0.0,0.0,25,2
Marketzade,2026-02-26,2621,0,0.0,0.0,26,3
Marketzade,2026-02-27,2621,2,3650.0,0.0007630675314765357,27,4
Marketzade,2026-02-28,2621,0,0.0,0.0,28,5
Marketzade,2026-03-01,2621,0,0.0,0.0,1,6
Marketzade,2026-03-02,2536,443,8855.5,0.17468454258675079,2,0
Marketzade,2026-03-03,2621,1,9.5,0.00038153376573826786,3,1
Marketzade,2026-03-04,2620,0,0.0,0.0,4,2
Marketzade,2026-03-05,2621,0,0.0,0.0,5,3
Marketzade,2026-03-06,2621,0,0.0,0.0,6,4
Marketzade,2026-03-07,2621,0,0.0,0.0,7,5
Marketzade,2026-03-08,2621,0,0.0,0.0,8,6
Marketzade,2026-03-09,2620,0,0.0,0.0,9,0
Marketzade,2026-03-10,2621,0,0.0,0.0,10,1
Marketzade,2026-03-11,2621,0,0.0,0.0,11,2
Marketzade,2026-03-12,2621,0,0.0,0.0,12,3
Marketzade,2026-03-13,2622,0,0.0,0.0,13,4
Marketzade,2026-03-14,2619,5,2702.0,0.0019091256204658267,14,5
Marketzade,2026-03-15,2619,0,0.0,0.0,15,6
Marketzade,2026-03-16,2619,0,0.0,0.0,16,0
Marketzade,2026-03-17,2619,0,0.0,0.0,17,1
Marketzade,2026-03-18,2619,0,0.0,0.0,18,2
Marketzade,2026-03-19,2618,0,0.0,0.0,19,3
Marketzade,2026-03-20,2618,0,0.0,0.0,20,4
Marketzade,2026-03-21,2618,0,0.0,0.0,21,5
Marketzade,2026-03-22,2618,0,0.0,0.0,22,6
Marketzade,2026-03-23,2557,2098,17027.399999999998,0.8204927649589363,23,0
Marketzade,2026-03-24,2648,0,10.0,0.0,24,1
Marketzade,2026-03-25,2648,0,0.0,0.0,25,2
Marketzade,2026-03-26,2648,0,0.0,0.0,26,3
Marketzade,2026-03-27,2648,0,0.0,0.0,27,4
Marketzade,2026-03-28,2648,0,0.0,0.0,28,5
Marketzade,2026-03-29,2648,0,0.0,0.0,29,6
Marketzade,2026-03-30,2648,0,0.0,0.0,30,0
Marketzade,2026-03-31,2648,0,0.0,0.0,31,1
Marketzade,2026-04-01,2648,0,0.0,0.0,1,2
Marketzade,2026-04-02,2647,1,124.5,0.00037778617302606723,2,3
Marketzade,2026-04-03,2648,0,0.0,0.0,3,4
Marketzade,2026-04-04,2648,0,0.0,0.0,4,5
Marketzade,2026-04-05,2651,0,0.0,0.0,5,6
Marketzade,2026-04-06,2650,0,0.0,0.0,6,0
Marketzade,2026-04-07,2651,1,100.0,0.0003772161448509996,7,1
Marketzade,2026-04-08,2651,0,0.0,0.0,8,2
Marketzade,2026-04-09,2651,0,0.0,0.0,9,3
Marketzade,2026-04-10,2573,495,12903.0,0.192382432957637,10,4
Marketzade,2026-04-11,2724,2,710.0,0.0007342143906020558,11,5
Marketzade,2026-04-12,2724,0,0.0,0.0,12,6
Marketzade,2026-04-13,2724,0,0.0,0.0,13,0
Marketzade,2026-04-14,2723,0,0.0,0.0,14,1
Marketzade,2026-04-15,2724,0,0.0,0.0,15,2
Marketzade,2026-04-16,2724,1,800.0,0.0003671071953010279,16,3
Marketzade,2026-04-17,2724,0,0.0,0.0,17,4
Marketzade,2026-04-18,2724,0,0.0,0.0,18,5
Marketzade,2026-04-19,2724,0,0.0,0.0,19,6
Marketzade,2026-04-20,2724,0,0.0,0.0,20,0
Marketzade,2026-04-21,2724,0,0.0,0.0,21,1
Marketzade,2026-04-22,2724,0,0.0,0.0,22,2
Marketzade,2026-04-23,2724,0,0.0,0.0,23,3
Marketzade,2026-04-24,2724,0,0.0,0.0,24,4
Marketzade,2026-04-25,2725,0,0.0,0.0,25,5
Marketzade,2026-04-26,2725,0,0.0,0.0,26,6
Marketzade,2026-04-27,2725,0,0.0,0.0,27,0
Marketzade,2026-04-28,2645,460,14636.2,0.17391304347826086,28,1
Marketzade,2026-04-29,2706,0,0.0,0.0,29,2
Marketzade,2026-04-30,2706,0,0.0,0.0,30,3
Marketzade,2026-05-01,2706,0,0.0,0.0,1,4
Marketzade,2026-05-02,2706,0,0.0,0.0,2,5
Marketzade,2026-05-03,2706,0,0.0,0.0,3,6
Marketzade,2026-05-04,2706,0,0.0,0.0,4,0
Marketzade,2026-05-05,2706,1,440.0,0.0003695491500369549,5,1
Marketzade,2026-05-06,2706,0,0.0,0.0,6,2
Marketzade,2026-05-07,2705,5,429.0,0.0018484288354898336,7,3
Marketzade,2026-05-08,2705,0,0.0,0.0,8,4
Marketzade,2026-05-09,2705,0,0.0,0.0,9,5
Marketzade,2026-05-10,2705,0,0.0,0.0,10,6
Marketzade,2026-05-11,2705,0,0.0,0.0,11,0
Marketzade,2026-05-12,2630,286,6673.5,0.10874524714828897,12,1
Marketzade,2026-05-13,2808,3,170.0,0.0010683760683760685,13,2
Marketzade,2026-05-14,2903,0,0.0,0.0,14,3
Marketzade,2026-05-15,1540,0,0.0,0.0,15,4
Marketzade,2026-05-16,1540,0,0.0,0.0,16,5
Marketzade,2026-05-17,2725,0,0.0,0.0,17,6
Marketzade,2026-05-18,2905,0,0.0,0.0,18,0
Marketzade,2026-05-19,2905,0,0.0,0.0,19,1
Marketzade,2026-05-20,2069,0,0.0,0.0,20,2
Marketzade,2026-05-21,2069,0,0.0,0.0,21,3
Marketzade,2026-05-22,2897,0,0.0,0.0,22,4
Marketzade,2026-05-23,2898,0,0.0,0.0,23,5
Marketzade,2026-05-24,2898,0,0.0,0.0,24,6
Marketzade,2026-05-25,2898,0,0.0,0.0,25,0
Marketzade,2026-05-26,2897,0,0.0,0.0,26,1
Marketzade,2026-05-27,2898,0,0.0,0.0,27,2
Marketzade,2026-05-28,2898,0,0.0,0.0,28,3
Marketzade,2026-05-29,2896,0,0.0,0.0,29,4
Marketzade,2026-05-30,2898,0,0.0,0.0,30,5
Marketzade,2026-05-31,2897,0,0.0,0.0,31,6
Marketzade,2026-06-01,2897,0,0.0,0.0,1,0
Marketzade,2026-06-02,2897,2,44.0,0.0006903693476009665,2,1
Marketzade,2026-06-03,2899,0,0.0,0.0,3,2
Marketzade,2026-06-04,2897,0,0.0,0.0,4,3
Marketzade,2026-06-05,2900,0,0.0,0.0,5,4
Marketzade,2026-06-06,2793,496,10792.0,0.17758682420336555,6,5
Marketzade,2026-06-07,2865,0,0.0,0.0,7,6
Marketzade,2026-06-08,2865,0,0.0,0.0,8,0
Marketzade,2026-06-09,2865,0,0.0,0.0,9,1
Marketzade,2026-06-10,2865,0,0.0,0.0,10,2
Marketzade,2026-08-12,2842,92,1781.0,0.03237156931738212,12,2
Marketzade,2026-08-13,2844,0,0.0,0.0,13,3
Marketzade,2026-08-14,2844,0,0.0,0.0,14,4
Marketzade,2026-08-15,2844,0,0.0,0.0,15,5
Marketzade,2026-08-16,2844,0,0.0,0.0,16,6
Marketzade,2026-08-17,2844,0,0.0,0.0,17,0
Marketzade,2026-08-18,2797,37,843.5,0.013228459063282088,18,1
Marketzade,2026-08-19,2822,0,0.0,0.0,19,2
Marketzade,2026-08-20,2822,0,0.0,0.0,20,3
Marketzade,2026-08-21,2817,0,0.0,0.0,21,4
Marketzade,2026-08-22,2828,0,0.0,0.0,22,5
Marketzade,2026-08-23,2828,0,0.0,0.0,23,6
Marketzade,2026-08-24,2828,0,0.0,0.0,24,0
Marketzade,2026-08-25,2828,0,0.0,0.0,25,1
Marketzade,2026-08-26,2782,259,3964.2,0.09309849029475198,26,2
Marketzade,2026-08-27,2829,0,0.0,0.0,27,3
Marketzade,2026-08-28,2829,0,0.0,0.0,28,4
Marketzade,2026-08-29,2829,0,0.0,0.0,29,5
Marketzade,2026-08-30,2829,0,0.0,0.0,30,6
Marketzade,2026-08-31,2829,0,0.0,0.0,31,0
Marketzade,2026-09-01,2829,0,0.0,0.0,1,1
Marketzade,2026-09-02,2790,209,6952.0,0.07491039426523298,2,2
Marketzade,2026-09-03,2818,2369,5134.95,0.8406671398154719,3,3
Marketzade,2026-09-04,2830,0,0.0,0.0,4,4
Marketzade,2026-09-05,2830,0,0.0,0.0,5,5
Marketzade,2026-09-06,2830,0,0.0,0.0,6,6
Marketzade,2026-09-07,2788,3,290.0,0.0010760401721664275,7,0
Marketzade,2026-09-24,2794,0,0.0,0.0,24,3
Marketzade,2026-09-30,2706,1,4.0,0.0003695491500369549,30,2
Marketzade,2026-10-01,2659,63,2023.0,0.0236931177134261,1,3
Marketzade,2026-10-02,2693,0,0.0,0.0,2,4
Marketzade,2026-10-03,2693,0,0.0,0.0,3,5
Marketzade,2026-10-04,2692,0,0.0,0.0,4,6
Marketzade,2026-10-05,2674,62,671.5,0.02318623784592371,5,0
Marketzade,2026-10-06,2636,50,679.55,0.01896813353566009,6,1
Migros,2026-02-25,11531,341,19683.469999999998,0.02957245685543318,25,2
Migros,2026-02-26,11680,1680,167123.23,0.14383561643835616,26,3
Migros,2026-02-27,11615,95,4247.099999999999,0.008179078777442962,27,4
Migros,2026-02-28,11643,241,126566.83,0.020699132525981278,28,5
Migros,2026-03-01,11576,386,62373.18,0.033344851416724254,1,6
Migros,2026-03-02,11561,123,17744.76,0.01063921806072139,2,0
Migros,2026-03-03,11932,97,5110.65,0.008129399932953403,3,1
Migros,2026-03-04,11939,68,3600.29,0.005695619398609599,4,2
Migros,2026-03-05,11863,89,9741.52,0.007502318132007081,5,3
Migros,2026-03-06,11978,69,11976.32,0.005760561028552346,6,4
Migros,2026-03-07,11744,176,148257.75,0.014986376021798364,7,5
Migros,2026-03-08,11922,25,2318.8,0.002096963596711961,8,6
Migros,2026-03-09,11873,166,35732.82,0.01398130211404026,9,0
Migros,2026-03-10,11601,72,2220.9,0.0062063615205585725,10,1
Migros,2026-03-11,11675,68,2205.9500000000003,0.00582441113490364,11,2
Migros,2026-03-12,11458,981,157291.32,0.0856170361319602,12,3
Migros,2026-03-13,11774,90,10802.04,0.007643961270596229,13,4
Migros,2026-03-14,11808,60,3335.0000000000005,0.00508130081300813,14,5
Migros,2026-03-15,11574,14,2674.5,0.0012096077414895455,15,6
Migros,2026-03-16,11528,39,3046.19,0.0033830673143650245,16,0
Migros,2026-03-17,11573,49,1818.849999999999,0.004233992914542469,17,1
Migros,2026-03-18,11540,44,2515.71,0.0038128249566724438,18,2
Migros,2026-03-19,11647,139,22843.08,0.011934403709109642,19,3
Migros,2026-03-20,11858,57,6520.82,0.004806881430258054,20,4
Migros,2026-03-21,11739,13,743.49,0.0011074197120708748,21,5
Migros,2026-03-22,11718,1,25.0,8.533879501621438e-05,22,6
Migros,2026-03-23,11658,37,3030.31,0.0031737862412077543,23,0
Migros,2026-03-24,11691,139,6505.54,0.011889487640065007,24,1
Migros,2026-03-25,11489,55,2640.03,0.004787187744799373,25,2
Migros,2026-03-26,11520,480,44494.23,0.041666666666666664,26,3
Migros,2026-03-27,11818,1,30.0,8.461668641056016e-05,27,4
Migros,2026-03-28,11867,90,4025.55,0.00758405662762282,28,5
Migros,2026-03-29,11841,3,173.64999999999998,0.0002533569799847986,29,6
Migros,2026-03-30,11599,55,2304.9,0.004741788085179757,30,0
Migros,2026-03-31,11698,249,36187.49,0.02128568986151479,31,1
Migros,2026-04-01,11789,1,100.0,8.482483671218933e-05,1,2
Migros,2026-04-02,11754,121,8569.9,0.010294367874766038,2,3
Migros,2026-04-03,11984,200,15986.58,0.016688918558077435,3,4
Migros,2026-04-04,12228,2,507.00000000000006,0.00016355904481517829,4,5
Migros,2026-04-05,12275,79,8636.5,0.006435845213849287,5,6
Migros,2026-04-06,12042,218,9970.36,0.018103305098820795,6,0
Migros,2026-04-07,11825,0,0.0,0.0,7,1
Migros,2026-04-08,12016,121,5592.19,0.010069906790945406,8,2
Migros,2026-04-09,12734,40,6458.41,0.003141196795979268,9,3
Migros,2026-04-10,13210,75,3294.02,0.005677517032551098,10,4
Migros,2026-04-11,12809,34,1589.45,0.002654383636505582,11,5
Migros,2026-04-12,12667,114,9703.85,0.00899976316412726,12,6
Migros,2026-04-13,12608,47,3894.8399999999992,0.0037277918781725887,13,0
Migros,2026-04-14,12660,152,10293.6,0.012006319115323854,14,1
Migros,2026-04-15,12599,4,220.0,0.00031748551472339075,15,2
Migros,2026-04-16,12113,584,53526.469999999994,0.04821266407991414,16,3
Migros,2026-04-17,11675,5,835.0000000000002,0.00042826552462526765,17,4
Migros,2026-04-18,11213,144,18758.149999999998,0.012842236689556764,18,5
Migros,2026-04-19,11265,147,10118.53,0.013049267643142477,19,6
Migros,2026-04-20,11173,95,5404.7,0.008502640293564843,20,0
Migros,2026-04-21,11546,145,11414.949999999999,0.012558461804954096,21,1
Migros,2026-04-22,11858,2,110.0,0.00016866250632484398,22,2
Migros,2026-04-23,11777,211,82320.81,0.017916277490022926,23,3
Migros,2026-04-24,12022,120,54505.64,0.009981700216270172,24,4
Migros,2026-04-25,11961,0,0.0,0.0,25,5
Migros,2026-04-26,11863,2,112.65000000000003,0.00016859141869678834,26,6
Migros,2026-04-27,11655,124,6660.74,0.010639210639210639,27,0
Migros,2026-04-28,11546,78,1601.05,0.006755586350251169,28,1
Migros,2026-04-29,11769,2,180.0,0.0001699379726399864,29,2
Migros,2026-04-30,11391,903,119672.86,0.07927311035027654,30,3
Migros,2026-05-01,11025,315,125209.34000000001,0.02857142857142857,1,4
Migros,2026-05-02,11171,0,0.0,0.0,2,5
Migros,2026-05-03,11536,12,4350.45,0.0010402219140083217,3,6
Migros,2026-05-04,11342,153,12740.08,0.013489684359019573,4,0
Migros,2026-05-05,11454,198,5850.49,0.017286537454164485,5,1
Migros,2026-05-06,11716,1,69.99999999999997,8.535336292249915e-05,6,2
Migros,2026-05-07,11520,247,9618.49,0.021440972222222222,7,3
Migros,2026-05-08,11608,3,154.99999999999997,0.00025844245348035836,8,4
Migros,2026-05-09,11679,38,2052.32,0.0032537032280160975,9,5
Migros,2026-05-10,11422,61,2422.5299999999997,0.00534057082822623,10,6
Migros,2026-05-11,10875,170,40802.740000000005,0.015632183908045976,11,0
Migros,2026-05-12,10903,74,1518.73,0.006787122810235715,12,1
Migros,2026-05-13,10044,650,42860.9,0.0647152528872959,13,2
Migros,2026-05-14,9762,9,244.7,0.0009219422249539029,14,3
Migros,2026-05-15,10160,266,4554.31,0.026181102362204726,15,4
Migros,2026-05-16,11055,45,1228.0,0.004070556309362279,16,5
Migros,2026-05-17,11046,73,1732.6,0.006608727141046533,17,6
Migros,2026-05-18,10027,71,1427.92,0.0070808816196270075,18,0
Migros,2026-05-19,10278,79,5782.39,0.007686320295777389,19,1
Migros,2026-05-20,10472,68,4000.9,0.006493506493506494,20,2
Migros,2026-05-21,10390,190,10172.5,0.01828681424446583,21,3
Migros,2026-05-22,10064,159,4275.9,0.015798887122416533,22,4
Migros,2026-05-23,9841,61,3171.9500000000003,0.006198557057209633,23,5
Migros,2026-05-24,9858,6,2124.0,0.0006086427267194157,24,6
Migros,2026-05-25,9892,108,6265.150000000001,0.010917913465426607,25,0
Migros,2026-05-26,9958,0,0.0,0.0,26,1
Migros,2026-08-12,2731,46,2312.0400000000004,0.016843647015745148,12,2
Migros,2026-08-13,2816,27,2013.06,0.009588068181818182,13,3
Migros,2026-08-14,2840,19,610.9499999999999,0.006690140845070422,14,4
Migros,2026-08-15,2797,13,871.0500000000001,0.004647836968180193,15,5
Migros,2026-08-16,2777,0,0.0,0.0,16,6
Migros,2026-08-17,2691,3,31.0,0.0011148272017837235,17,0
Migros,2026-08-18,2693,10,222.75,0.003713330857779428,18,1
Migros,2026-08-19,2733,35,636.0500000000001,0.012806439809732895,19,2
Migros,2026-08-20,2777,588,36916.28,0.2117392870003601,20,3
Migros,2026-08-21,2666,32,648.05,0.012003000750187547,21,4
Migros,2026-08-22,2697,11,319.5,0.004078605858361142,22,5
Migros,2026-08-23,2923,0,0.0,0.0,23,6
Migros,2026-08-24,3282,17,663.85,0.005179768433881779,24,0
Migros,2026-08-25,2838,21,1005.3499999999998,0.007399577167019027,25,1
Migros,2026-08-26,2837,25,990.25,0.008812125484666901,26,2
Migros,2026-08-27,2796,16,504.25,0.005722460658082976,27,3
Migros,2026-08-28,2728,67,1427.42,0.024560117302052785,28,4
Migros,2026-08-29,2724,104,706.7,0.0381791483113069,29,5
Migros,2026-08-30,2753,1,140.0,0.0003632401017072285,30,6
Migros,2026-08-31,2706,28,340.0,0.010347376201034738,31,0
Migros,2026-09-01,2667,40,2137.83,0.014998125234345707,1,1
Migros,2026-09-02,2748,42,962.0999999999999,0.015283842794759825,2,2
Migros,2026-09-03,2788,31,1190.95,0.011119081779053085,3,3
Migros,2026-09-04,3097,52,1245.6499999999999,0.016790442363577657,4,4
Migros,2026-09-05,2783,19,999.1,0.006827164929931728,5,5
Migros,2026-09-06,2733,1,70.0,0.00036589828027808267,6,6
Migros,2026-09-07,2723,31,1051.3,0.011384502387073081,7,0
Migros,2026-09-24,2549,436,20730.91,0.17104746959591996,24,3
Migros,2026-09-30,2428,28,1266.25,0.011532125205930808,30,2
Migros,2026-10-01,2406,73,2968.7,0.030340814630091438,1,3
Migros,2026-10-02,2481,16,480.04999999999995,0.006449012494961709,2,4
Migros,2026-10-03,2457,48,682.4499999999999,0.019536019536019536,3,5
Migros,2026-10-04,2535,0,0.0,0.0,4,6
Migros,2026-10-05,2553,14,154.05,0.005483744614179397,5,0
Migros,2026-10-06,3019,10,312.65,0.0033123550844650546,6,1
Mopas,2026-03-03,5154,208,5305.37,0.0403570042685293,3,1
Mopas,2026-03-04,5140,81,2148.36,0.01575875486381323,4,2
Mopas,2026-03-05,5089,159,5495.24,0.031243859304382,5,3
Mopas,2026-08-17,5414,0,0.0,0.0,17,0
Mopas,2026-08-18,5340,97,7799.45,0.018164794007490638,18,1
Mopas,2026-08-19,5442,87,2489.14,0.015986769570011026,19,2
Mopas,2026-08-20,5531,92,3411.3300000000004,0.016633520159103236,20,3
Mopas,2026-08-21,5517,49,1623.0300000000002,0.00888163857168751,21,4
Mopas,2026-08-22,5625,72,1868.1899999999998,0.0128,22,5
Mopas,2026-08-23,5616,7,209.92,0.0012464387464387464,23,6
Mopas,2026-08-24,5591,1,11.5,0.00017885888034340904,24,0
Mopas,2026-08-25,5535,43,1400.75,0.0077687443541102075,25,1
Mopas,2026-08-26,5505,69,5789.68,0.012534059945504087,26,2
Mopas,2026-08-27,5549,1,50.0,0.00018021265092809516,27,3
Mopas,2026-08-28,5584,130,2613.5699999999997,0.02328080229226361,28,4
Mopas,2026-08-29,5622,314,7966.53,0.05585200996086802,29,5
Mopas,2026-08-30,5599,262,10028.800000000001,0.046794070369708875,30,6
Mopas,2026-08-31,5545,2,99.10000000000001,0.0003606853020739405,31,0
Mopas,2026-09-01,5479,215,7560.33,0.03924073736083227,1,1
Mopas,2026-09-02,5545,111,4988.28,0.020018034265103696,2,2
Mopas,2026-09-03,5576,55,3321.34,0.009863701578192252,3,3
Mopas,2026-09-04,5513,117,5889.1,0.02122256484672592,4,4
Mopas,2026-09-05,5451,58,1814.56,0.010640249495505412,5,5
Mopas,2026-09-06,5407,25,560.65,0.0046236360273719255,6,6
Mopas,2026-09-07,5482,169,4726.88,0.030828164903319955,7,0
Mopas,2026-09-24,5555,68,2065.9500000000003,0.012241224122412242,24,3
Mopas,2026-09-30,5483,65,2238.48,0.011854824001459055,30,2
Mopas,2026-10-01,5457,41,1507.24,0.007513285688107018,1,3
Mopas,2026-10-02,5355,264,12115.58,0.04929971988795518,2,4
Mopas,2026-10-03,5267,49,661.5900000000001,0.009303208657679893,3,5
Mopas,2026-10-04,5246,47,623.8499999999999,0.008959207014868471,4,6
Mopas,2026-10-05,5117,2,55.75,0.00039085401602501464,5,0
Mopas,2026-10-06,5138,0,0.0,0.0,6,1
Onur,2026-02-26,945,0,0.0,0.0,26,3
Onur,2026-02-27,945,4,520.0,0.004232804232804233,27,4
Onur,2026-02-28,945,0,0.0,0.0,28,5
Onur,2026-03-12,955,0,0.0,0.0,12,3
Sariyer,2026-02-27,5469,10,465.2,0.0018284878405558603,27,4
Sariyer,2026-02-28,5438,22,438.1500000000001,0.004045605001838912,28,5
Sariyer,2026-03-01,5518,15,355.1499999999999,0.0027183762232693004,1,6
Sariyer,2026-03-02,5471,48,844.9499999999998,0.008773533174922318,2,0
Sariyer,2026-03-03,5412,38,1207.7,0.007021433850702144,3,1
Sariyer,2026-03-04,5449,17,494.0,0.003119838502477519,4,2
Sariyer,2026-03-05,5457,8,329.1,0.0014660069635330768,5,3
SozSanal,2026-02-27,4776,0,0.0,0.0,27,4
SozSanal,2026-02-28,4777,0,0.0,0.0,28,5
SozSanal,2026-03-01,4777,0,0.0,0.0,1,6
SozSanal,2026-03-02,4758,0,0.0,0.0,2,0
SozSanal,2026-03-03,4758,0,0.0,0.0,3,1
SozSanal,2026-03-04,4621,362,4923.900000000001,0.07833802207314434,4,2
SozSanal,2026-03-05,4781,0,0.0,0.0,5,3
SozSanal,2026-03-06,4781,0,0.0,0.0,6,4
SozSanal,2026-03-07,4781,0,0.0,0.0,7,5
SozSanal,2026-03-08,4781,0,0.0,0.0,8,6
SozSanal,2026-03-09,3788,0,0.0,0.0,9,0
SozSanal,2026-03-10,2980,0,0.0,0.0,10,1
SozSanal,2026-03-11,2711,0,0.0,0.0,11,2
SozSanal,2026-03-12,2033,118,2403.4,0.05804230201672405,12,3
SozSanal,2026-03-13,2712,0,0.0,0.0,13,4
SozSanal,2026-03-14,4842,0,0.0,0.0,14,5
SozSanal,2026-03-15,4842,0,0.0,0.0,15,6
SozSanal,2026-03-16,4842,0,0.0,0.0,16,0
SozSanal,2026-03-17,4842,0,0.0,0.0,17,1
SozSanal,2026-03-18,4842,0,0.0,0.0,18,2
SozSanal,2026-03-19,4753,38,811.9,0.007994950557542605,19,3
SozSanal,2026-03-20,4853,0,0.0,0.0,20,4
SozSanal,2026-03-23,4853,0,0.0,0.0,23,0
SozSanal,2026-03-24,4853,0,0.0,0.0,24,1
SozSanal,2026-03-25,4853,0,0.0,0.0,25,2
SozSanal,2026-03-26,4853,0,0.0,0.0,26,3
SozSanal,2026-03-29,4832,0,0.0,0.0,29,6
Tarım Kredi Kooperatif,2026-03-02,3416,0,0.0,0.0,2,0
Tarım Kredi Kooperatif,2026-03-03,3399,212,3694.25,0.06237128567225655,3,1
Tarım Kredi Kooperatif,2026-03-04,3386,62,1315.05,0.01831069108092144,4,2
Tarım Kredi Kooperatif,2026-03-05,3384,14,202.89999999999998,0.004137115839243499,5,3
Tarım Kredi Kooperatif,2026-03-06,3351,51,1251.6,0.01521933751119069,6,4
Tarım Kredi Kooperatif,2026-03-07,3370,0,0.0,0.0,7,5
Tarım Kredi Kooperatif,2026-08-14,2539,0,0.0,0.0,14,4
Tarım Kredi Kooperatif,2026-08-15,2539,33,2649.5,0.012997243009058685,15,5
Tarım Kredi Kooperatif,2026-08-16,2539,0,0.0,0.0,16,6
Tarım Kredi Kooperatif,2026-08-17,2539,0,0.0,0.0,17,0
Tarım Kredi Kooperatif,2026-08-18,2539,8,351.75,0.0031508467900748325,18,1
Tarım Kredi Kooperatif,2026-08-19,2552,104,1682.5,0.04075235109717868,19,2
Tarım Kredi Kooperatif,2026-08-20,2554,33,447.6,0.012920908379013312,20,3
Tarım Kredi Kooperatif,2026-08-21,2554,10,251.7,0.003915426781519186,21,4
Tarım Kredi Kooperatif,2026-08-22,2555,13,163.04999999999998,0.005088062622309198,22,5
Tarım Kredi Kooperatif,2026-08-23,2555,12,216.6,0.004696673189823875,23,6
Tarım Kredi Kooperatif,2026-08-24,2555,2,107.0,0.0007827788649706458,24,0
Tarım Kredi Kooperatif,2026-08-25,2555,15,221.70000000000002,0.005870841487279843,25,1
Tarım Kredi Kooperatif,2026-08-26,2617,46,745.1999999999999,0.01757737867787543,26,2
Tarım Kredi Kooperatif,2026-08-27,2617,16,170.3,0.00611387084447841,27,3
Tarım Kredi Kooperatif,2026-08-28,2620,90,946.1999999999999,0.03435114503816794,28,4
Tarım Kredi Kooperatif,2026-08-29,2620,35,2420.4,0.013358778625954198,29,5
Tarım Kredi Kooperatif,2026-08-30,2621,1,4.5,0.00038153376573826786,30,6
Tarım Kredi Kooperatif,2026-08-31,2313,4,86.0,0.0017293558149589277,31,0
Tarım Kredi Kooperatif,2026-09-01,2313,3,26.500000000000007,0.0012970168612191958,1,1
Tarım Kredi Kooperatif,2026-09-02,2636,142,2619.35,0.05386949924127466,2,2
Tarım Kredi Kooperatif,2026-09-03,2637,8,291.9,0.0030337504740235114,3,3
Tarım Kredi Kooperatif,2026-09-04,2637,8,161.2,0.0030337504740235114,4,4
Tarım Kredi Kooperatif,2026-09-05,2645,70,1569.5,0.026465028355387523,5,5
Tarım Kredi Kooperatif,2026-09-06,2645,37,759.5,0.013988657844990548,6,6
Tarım Kredi Kooperatif,2026-09-07,2645,4,115.29999999999998,0.0015122873345935729,7,0
Tarım Kredi Kooperatif,2026-09-24,2647,88,2212.27,0.03324518322629392,24,3
Tarım Kredi Kooperatif,2026-09-30,2546,43,507.75000000000006,0.016889238020424194,30,2
Tarım Kredi Kooperatif,2026-10-01,2552,22,162.2,0.008620689655172414,1,3
Tarım Kredi Kooperatif,2026-10-02,2521,89,4679.1,0.035303451011503374,2,4
Tarım Kredi Kooperatif,2026-10-03,2521,0,0.0,0.0,3,5
Tarım Kredi Kooperatif,2026-10-04,2493,26,692.1,0.010429201764941836,4,6
Tarım Kredi Kooperatif,2026-10-05,2480,11,219.1,0.004435483870967742,5,0
Tarım Kredi Kooperatif,2026-10-06,2485,0,0.0,0.0,6,1
sehzade,2026-03-05,6608,0,0.0,0.0,5,3
sehzade,2026-03-06,6531,48,537.2,0.007349563619660083,6,4
sehzade,2026-03-12,6559,85,1342.4,0.012959292575087666,12,3
sehzade,2026-08-12,6322,105,1206.6000000000001,0.016608668142992725,12,2
sehzade,2026-08-13,6284,12,437.79999999999995,0.0019096117122851686,13,3
sehzade,2026-08-14,6250,35,652.3000000000003,0.0056,14,4
sehzade,2026-08-15,6252,71,2153.0,0.011356365962891874,15,5
sehzade,2026-08-16,6365,0,0.0,0.0,16,6
sehzade,2026-08-17,6271,2,3.9999999999999467,0.0003189284005740711,17,0
sehzade,2026-08-18,6236,109,3752.7500000000005,0.017479153303399615,18,1
sehzade,2026-08-19,6217,37,665.4499999999999,0.0059514235161653535,19,2
sehzade,2026-08-20,6248,36,156.99999999999997,0.005761843790012804,20,3
sehzade,2026-08-21,6233,82,1974.8999999999999,0.01315578373175036,21,4
sehzade,2026-08-22,6265,58,1444.75,0.00925778132482043,22,5
sehzade,2026-08-23,6233,50,916.7499999999997,0.008021819348628268,23,6
sehzade,2026-08-24,6243,0,1.3000000000000398,0.0,24,0
sehzade,2026-08-25,6219,45,1433.8,0.00723589001447178,25,1
sehzade,2026-08-26,6205,145,2004.7500000000002,0.023368251410153102,26,2
sehzade,2026-08-27,6303,203,153924.7,0.03220688561002697,27,3
sehzade,2026-08-28,6336,12,313.34999999999997,0.001893939393939394,28,4
sehzade,2026-08-29,6334,23,941.0999999999998,0.0036311967161351435,29,5
sehzade,2026-08-30,6314,4,28.300000000000004,0.0006335128286347799,30,6
sehzade,2026-09-02,6306,238,7923.281,0.0377418331747542,2,2
sehzade,2026-09-03,6325,15,326.0,0.0023715415019762848,3,3
sehzade,2026-09-04,6409,180,12592.301,0.02808550475893275,4,4
sehzade,2026-09-05,6393,75,1114.8,0.011731581417175035,5,5
sehzade,2026-09-06,6428,18,1651.4769999999999,0.0028002489110143126,6,6
sehzade,2026-09-07,6396,0,0.0,0.0,7,0
sehzade,2026-09-24,6417,140,3445.6159999999995,0.021817048465014803,24,3
sehzade,2026-09-30,6487,49,768.0999999999999,0.007553568675813165,30,2
sehzade,2026-10-01,6456,45,986.3499999999999,0.006970260223048327,1,3
sehzade,2026-10-02,6377,381,6168.005999999999,0.05974596205112122,2,4
sehzade,2026-10-03,6348,29,319.24999999999994,0.004568367989918084,3,5
sehzade,2026-10-04,1711,10,799.8499999999999,0.0058445353594389245,4,6
sehzade,2026-10-05,6520,1,15.699999999999974,0.00015337423312883436,5,0
sehzade,2026-10-06,6463,2,121.0,0.00030945381401825775,6,1
sok_market,2026-02-23,2668,0,0.0,0.0,23,0
sok_market,2026-02-24,2587,7,74.6,0.002705836876691148,24,1
sok_market,2026-02-25,2654,34,442.75,0.01281085154483798,25,2
sok_market,2026-02-26,2621,32,597.11,0.012209080503624571,26,3
sok_market,2026-03-04,2676,37,587.3,0.01382660687593423,4,2
sok_market,2026-03-05,2634,11,171.20000000000002,0.004176157934700076,5,3
