store,dom,n_dates,rate,lo,hi
A101,1,4,0.009302713856229666,0.0001850252867891945,0.026967285587975245
A101,2,3,0.006253315266731076,0.0001627802873072071,0.012343850246154945
A101,3,2,0.009011497484781158,0.0017294626312538604,0.016293532338308457
A101,4,3,0.0003150930846724479,0.0001232741617357002,0.0005069120076091956
A101,5,4,0.010983755210392956,0.00037423005300100384,0.03176948651643886
A101,6,4,0.007204395574381455,0.0,0.01440879114876291
A101,7,3,0.006346438274106608,0.0011210334757454246,0.011571843072467792
A101,8,2,0.00014427228717001734,0.00014357501794687725,0.00014496955639315743
A101,9,2,0.02080956922004805,0.017741935483870968,0.023877202956225127
A101,10,2,0.0,0.0,0.0
A101,11,2,0.0,0.0,0.0
A101,12,3,0.01226206152774878,0.0036528530041566947,0.020871270051340863
A101,13,3,0.000494161480369876,0.00024362909905959167,0.0007446938616801603
A101,14,4,0.009576814150917915,0.0005729640652035036,0.027302434294690082
A101,15,4,0.011494563346532292,0.00011189019841861852,0.02291453322745217
A101,16,4,0.006519790653736543,0.0001491869312248247,0.0190536013400335
A101,17,4,9.399674144629653e-05,0.0,0.00018799348289259306
A101,18,4,0.01393488019560278,0.001301280595410159,0.026500688245043712
A101,19,4,0.003529325704004976,0.00011162375353475219,0.010057651334753729
A101,20,3,0.0022832276759996626,0.0011208533046280066,0.003445602047371318
A101,21,2,0.006303150786806062,0.00012487512487512488,0.012481426448737
A101,22,2,0.0075,0.0,0.015
A101,23,3,0.018073794905746222,4.961055712655653e-05,0.03609797925436589
A101,24,4,0.0006376612735155733,0.0001026694045174538,0.0013416815742397139
A101,25,4,0.007304943497192182,0.0008034695638205439,0.011530283294601155
A101,26,3,0.008155080195176665,0.00029442072721919626,0.016015739663134135
A101,27,2,0.00024715768660405336,0.0,0.0004943153732081067
A101,28,2,0.010417513500958132,0.00024679170779861795,0.020588235294117647
A101,29,3,0.006630131815806284,4.901960784313725e-05,0.013211244023769428
A101,30,4,0.004870593271416757,9.251264339459725e-05,0.009679511447237115
A101,31,2,0.00012335019119279634,0.0,0.0002467003823855927
Arden,1,3,0.005656343503895134,0.0036832146835451894,0.0076294723242450796
Arden,2,1,0.0,0.0,0.0
Arden,3,3,0.004523809523809524,0.0,0.009047619047619047
Arden,4,4,0.002601737438627428,0.00013171759747102212,0.00668859649122807
Arden,5,3,0.03378529270616504,0.011853821098892062,0.05571676431343802
Arden,6,2,0.027213401269935232,0.00680775492082285,0.047619047619047616
Arden,7,1,0.0,0.0,0.0
Arden,8,1,0.010238408658768466,0.010238408658768466,0.010238408658768466
Arden,9,2,0.02413562882549649,0.0008771929824561404,0.04739406466853684
Arden,10,2,0.023457876795714632,0.0112490869247626,0.035666666666666666
Arden,11,2,0.004063098923780038,0.0013445378151260505,0.006781660032434026
Arden,12,2,0.0009958836807860841,0.0,0.0019917673615721682
Arden,13,3,0.0018439966646208881,0.0007606263982102907,0.0029273669310314852
Arden,14,3,0.0072083015617376185,0.003419304415787417,0.01099729870768782
Arden,15,2,0.0020054847955829043,0.0010732492621411322,0.002937720329024677
Arden,16,2,0.0021664016590342036,0.0009339559706470981,0.003398847347421309
Arden,17,4,0.006450906136800522,0.0002204909598706453,0.012451823302697895
Arden,18,4,0.00016644474034620507,0.0,0.0004993342210386152
Arden,19,4,0.004132817839984808,0.0016487730061349693,0.006360080143264079
Arden,20,3,0.0018399264029438824,0.0,0.003679852805887765
Arden,21,3,0.003494266450120577,0.0,0.006988532900241154
Arden,22,3,0.0012362161894872174,0.0,0.002472432378974435
Arden,23,3,0.0017306362096213203,0.00014856633486851878,0.003312706084374122
Arden,24,5,0.0030846410184475355,0.0,0.007812962414915655
Arden,25,4,0.0,0.0,0.0
Arden,26,4,0.0035992825732835505,0.00029936136242682276,0.006998990904949218
Arden,27,4,0.0008262823902696986,0.0,0.0016525647805393973
Arden,28,4,0.006122994285983199,0.0,0.011138483296161692
Arden,29,3,0.0010680432327676687,0.00013281976358082084,0.0020032667019545167
Arden,30,3,0.007384786306407637,0.00034253278528087683,0.014427039827534398
Arden,31,1,0.00911854103343465,0.00911854103343465,0.00911854103343465
Basdas,1,2,0.008317563654604208,0.0014144271570014145,0.015220700152207
Basdas,2,2,0.05839572192513369,0.05529411764705883,0.06149732620320856
Basdas,3,2,0.0058900523560209425,0.0,0.011780104712041885
Basdas,4,3,0.012423784592952397,0.005911778080945885,0.01893579110495891
Basdas,5,3,0.008983569017886398,0.0036380172805820826,0.014329120755190711
Basdas,6,2,0.011687824187824188,0.011363636363636364,0.012012012012012012
Basdas,7,2,0.0037537537537537537,0.0,0.0075075075075075074
Basdas,8,3,0.006628787878787879,0.0,0.013257575757575758
Basdas,9,2,0.018424611223799865,0.017241379310344827,0.0196078431372549
Basdas,10,1,0.014725568942436412,0.014725568942436412,0.014725568942436412
Basdas,11,3,0.01691188905800778,0.0045662100456621,0.029257568070353457
Basdas,12,2,0.006181318681318681,0.0,0.012362637362637362
Basdas,13,2,0.020914039540475556,0.01644736842105263,0.025380710659898477
Basdas,14,3,0.002454590083456063,0.0,0.004909180166912126
Basdas,15,2,0.0016286644951140066,0.0,0.003257328990228013
Basdas,16,2,0.018214011951692637,0.017082785808147174,0.019345238095238096
Basdas,17,3,0.030972715948411677,0.01107295107390193,0.06290956749672345
Basdas,18,3,0.024167356875737272,0.0017543859649122807,0.04658032778656226
Basdas,19,3,0.0019020446980504042,0.0,0.0038040893961008085
Basdas,20,2,0.021476510067114093,0.0,0.042953020134228186
Basdas,21,2,0.006476683937823834,0.0,0.012953367875647668
Basdas,22,4,0.0004520795660036166,0.0,0.00135623869801085
Basdas,23,4,0.027168497706617722,0.013297872340425532,0.04103912307280991
Basdas,24,4,0.009624309468519356,0.0,0.017541483646351268
Basdas,25,4,0.03113598187941107,0.011187094375861587,0.06256396580802329
Basdas,26,4,0.006283297169819872,0.0,0.011377911434739813
Basdas,27,4,0.004928791459802038,0.002225519287833828,0.007632063631770248
Basdas,28,4,0.010785246777814637,0.002205365121009905,0.0257396449704142
Basdas,29,3,0.0,0.0,0.0
Basdas,30,2,0.003681885125184094,0.0,0.007363770250368188
Basdas,31,2,0.0133248730964467,0.0,0.0266497461928934
Baskent,1,4,0.038286877544628874,0.0,0.10679611650485438
Baskent,2,3,0.0,0.0,0.0
Baskent,3,3,0.0,0.0,0.0
Baskent,4,3,0.0,0.0,0.0
Baskent,5,3,0.0,0.0,0.0
Baskent,6,3,0.0,0.0,0.0
Baskent,7,2,0.0,0.0,0.0
Baskent,8,2,0.0,0.0,0.0
Baskent,9,3,0.0,0.0,0.0
Baskent,10,3,0.0,0.0,0.0
Baskent,11,3,0.0,0.0,0.0
Baskent,12,3,0.0,0.0,0.0
Baskent,13,3,0.16475095785440613,0.0,0.32950191570881227
Baskent,14,3,0.0,0.0,0.0
Baskent,15,3,0.0,0.0,0.0
Baskent,16,3,0.0,0.0,0.0
Baskent,17,2,0.0,0.0,0.0
Baskent,18,2,0.0,0.0,0.0
Baskent,19,3,0.0,0.0,0.0
Baskent,20,3,0.0,0.0,0.0
Baskent,21,3,0.003875968992248062,0.0,0.007751937984496124
Baskent,22,3,0.0,0.0,0.0
Baskent,23,3,0.0,0.0,0.0
Baskent,24,3,0.0,0.0,0.0
Baskent,25,4,0.0,0.0,0.0
Baskent,26,4,0.0,0.0,0.0
Baskent,27,4,0.0,0.0,0.0
Baskent,28,4,0.0,0.0,0.0
Baskent,29,3,0.0,0.0,0.0
Baskent,30,3,0.0149812734082397,0.0,0.0299625468164794
Baskent,31,2,0.0,0.0,0.0
BizimMarket,3,1,0.010328997704667177,0.010328997704667177,0.010328997704667177
BizimMarket,4,1,0.0003827018752391887,0.0003827018752391887,0.0003827018752391887
BizimMarket,5,1,0.007450980392156863,0.007450980392156863,0.007450980392156863
BizimMarket,6,2,0.005304518664047151,0.0,0.010609037328094302
BizimMarket,15,1,0.0026129152668906306,0.0026129152668906306,0.0026129152668906306
BizimMarket,16,1,0.017196261682242992,0.017196261682242992,0.017196261682242992
BizimMarket,17,1,0.006713912719134651,0.006713912719134651,0.006713912719134651
BizimMarket,20,1,0.013800820589332338,0.013800820589332338,0.013800820589332338
BizimMarket,21,1,0.0,0.0,0.0
BizimMarket,22,1,0.0070895522388059705,0.0070895522388059705,0.0070895522388059705
BizimMarket,23,1,0.015361558636193332,0.015361558636193332,0.015361558636193332
BizimMarket,24,1,0.0037835792659856224,0.0037835792659856224,0.0037835792659856224
BizimMarket,25,1,0.011060259344012205,0.011060259344012205,0.011060259344012205
BizimMarket,29,1,0.001139384732244588,0.001139384732244588,0.001139384732244588
BizimMarket,30,1,0.00984102952308857,0.00984102952308857,0.00984102952308857
BizimMarket,31,1,0.01568477429227238,0.01568477429227238,0.01568477429227238
Cagri,1,2,0.06955383153646222,0.06388642413487133,0.0752212389380531
Cagri,2,3,0.026388922156926776,0.011995484685591059,0.04078235962826251
Cagri,3,3,0.014685498996128102,0.008759624676579694,0.02061137331567651
Cagri,4,3,0.043420999765215317,0.0033936417974367015,0.08344835773299393
Cagri,5,3,0.01618794837590271,0.010042627635981733,0.022333269115823687
Cagri,6,2,0.003069706182078873,0.00014716703458425313,0.005992245329573493
Cagri,7,1,0.015430711610486892,0.015430711610486892,0.015430711610486892
Cagri,17,1,0.05712603062426384,0.05712603062426384,0.05712603062426384
Cagri,18,1,0.010065127294256957,0.010065127294256957,0.010065127294256957
Cagri,19,1,0.0071174377224199285,0.0071174377224199285,0.0071174377224199285
Cagri,20,1,0.04817669730210495,0.04817669730210495,0.04817669730210495
Cagri,21,1,0.0063769835384843545,0.0063769835384843545,0.0063769835384843545
Cagri,22,1,0.0005931198102016608,0.0005931198102016608,0.0005931198102016608
Cagri,23,1,0.0,0.0,0.0
Cagri,24,2,0.006525255410099134,0.0056682577565632455,0.007382253063635022
Cagri,25,1,0.0039946737683089215,0.0039946737683089215,0.0039946737683089215
Cagri,26,1,0.006086698337292162,0.006086698337292162,0.006086698337292162
Cagri,27,1,0.005633802816901409,0.005633802816901409,0.005633802816901409
Cagri,28,1,0.005780346820809248,0.005780346820809248,0.005780346820809248
Cagri,29,1,0.004785404516225512,0.004785404516225512,0.004785404516225512
Cagri,30,2,0.0024251402800710533,0.0001483239394838327,0.004701956620658274
Cagri,31,1,0.012440758293838863,0.012440758293838863,0.012440758293838863
CarrefourSA,1,2,0.03263883601377817,0.0186523665190021,0.04662530550855424
CarrefourSA,2,3,0.024617327926776345,0.017397932796562512,0.031836723056990174
CarrefourSA,3,3,0.010199566399586408,0.0011473832259974832,0.019251749573175332
CarrefourSA,4,3,0.01318553339995084,0.011937519131272209,0.01443354766862947
CarrefourSA,5,3,0.006726755158697413,0.0019300991131977047,0.011523411204197122
CarrefourSA,6,3,0.007117249488560691,0.0012040705352287734,0.013030428441892608
CarrefourSA,7,3,0.02945986373315514,0.003960382211861975,0.05495934525444831
CarrefourSA,8,3,0.014386195700286314,0.006621999105763399,0.022150392294809227
CarrefourSA,9,3,0.03847616511768997,0.021594594353455815,0.05535773588192413
CarrefourSA,10,3,0.006544574533020122,0.002935135274731372,0.010154013791308874
CarrefourSA,11,3,0.01958080698190891,0.014967150624801397,0.024194463339016425
CarrefourSA,12,3,0.010981283645018977,0.005438144278991618,0.01652442301104634
CarrefourSA,13,3,0.01155319433464877,0.008464718713390424,0.014641669955907115
CarrefourSA,14,3,0.00987115442818007,0.0017696414950419527,0.017972667361318185
CarrefourSA,15,3,0.016878182840317654,0.0001196888090963495,0.033636676871538956
CarrefourSA,16,3,0.0039061335241673376,0.0,0.007812267048334675
CarrefourSA,17,3,0.03481249019273298,0.006114234798906197,0.06351074558655975
CarrefourSA,18,3,0.0038438885272327103,0.0,0.007687777054465421
CarrefourSA,19,1,0.0,0.0,0.0
CarrefourSA,20,1,0.0056130503420452555,0.0056130503420452555,0.0056130503420452555
CarrefourSA,21,2,0.05874848943229328,0.0018141503729086877,0.11568282849167787
CarrefourSA,22,2,0.0,0.0,0.0
CarrefourSA,23,1,0.0,0.0,0.0
CarrefourSA,24,1,0.0,0.0,0.0
CarrefourSA,25,1,0.00018919685933213508,0.00018919685933213508,0.00018919685933213508
CarrefourSA,26,2,0.06274074990685068,0.007693038275239814,0.11778846153846154
CarrefourSA,27,3,0.003566120947099035,0.001014947407270714,0.006117294486927356
CarrefourSA,28,2,0.002044153720359771,0.0,0.004088307440719542
CarrefourSA,29,2,0.011715778328870679,0.0004548762736535662,0.022976680384087792
CarrefourSA,30,2,0.00525731342510457,0.00013726835964310226,0.010377358490566037
CarrefourSA,31,1,0.008865415448457984,0.008865415448457984,0.008865415448457984
Gurmar,1,4,0.08612811215317472,0.025073794820854086,0.14912252395801265
Gurmar,2,5,0.0051269157105750685,0.0005666869054847197,0.009696632381855357
Gurmar,3,5,0.012938965297957438,0.0008613617719442166,0.03111464738394089
Gurmar,4,5,0.007376249186662666,0.0022086405114519632,0.01464473555624266
Gurmar,5,3,0.004161241535954026,0.0017830734978924831,0.00653940957401557
Gurmar,6,3,0.003938333578783529,0.0020206101231802303,0.005856057034386828
Gurmar,7,2,0.009239188502754394,0.0002871088142405972,0.018191268191268192
Gurmar,8,2,0.014786523045201656,0.01182033096926714,0.017752715121136173
Gurmar,9,3,0.006921923700085957,0.004133766929864561,0.009710080470307353
Gurmar,10,3,0.0064940977963688015,0.002160699326357004,0.010827496266380599
Gurmar,11,3,0.003569965985956465,0.0018516707863701293,0.0052882611855428014
Gurmar,12,3,0.005271848293886627,0.002731049042839394,0.007812647544933861
Gurmar,13,3,0.006874841338685284,0.0017878031579525251,0.011961879519418043
Gurmar,14,3,0.011580024761400869,0.009416895480743464,0.013743154042058276
Gurmar,15,3,0.01483070221770332,0.004339831996223197,0.025321572439183444
Gurmar,16,3,0.025553606890226833,0.01862159630964728,0.03248561747080639
Gurmar,17,3,0.006914512290046501,0.005019807174467473,0.008809217405625529
Gurmar,18,4,0.008876010080883952,0.0037947758172345845,0.013957244344533321
Gurmar,19,4,0.002211254665947674,0.0013382122819739703,0.0030826409797121337
Gurmar,20,4,0.004916436943679716,0.0020234722784297854,0.008446253260059277
Gurmar,21,4,0.006710088576691666,0.0021345801992274853,0.010475373682920853
Gurmar,22,5,0.004201546062830878,0.001856011617754328,0.006377868029470315
Gurmar,23,4,0.0035980960333182113,0.001614872801106631,0.005448002290107554
Gurmar,24,4,0.008217251685466893,0.002525009306475536,0.01700715015321757
Gurmar,25,4,0.008699286333169153,0.0023824778968940226,0.014573525612776757
Gurmar,26,4,0.0021045172586358343,0.00043188548864758145,0.003915032165252852
Gurmar,27,5,0.004158962445029998,0.002328784632991306,0.005833751574240391
Gurmar,28,5,0.00414038405257578,0.0017670384973541176,0.0066581642843272625
Gurmar,29,4,0.002356051756962353,0.0006721787762237687,0.004174522887657081
Gurmar,30,3,0.00035106236961324953,8.13206473123526e-05,0.0006208040919141464
Gurmar,31,2,0.0024152253981228533,0.0021983390327308255,0.0026321117635148814
Hapeloglu,1,6,0.0066958050636375,0.003651998009316093,0.009742582607338379
Hapeloglu,2,6,0.004271022615033498,0.0019508332144082463,0.006954308610882673
Hapeloglu,3,5,0.020351678815688605,0.005477567429138702,0.04436667416707031
Hapeloglu,4,5,0.010446763680090494,0.009353387279295734,0.011396947349114079
Hapeloglu,5,5,0.01145854304095532,0.008536744440018644,0.014427909240564526
Hapeloglu,6,5,0.006005818601599209,0.0014829142488716957,0.011270180078762569
Hapeloglu,7,4,0.007699749908307851,0.005840539162036991,0.009220980159770534
Hapeloglu,8,3,0.0058911295300029835,0.0026600476106370865,0.00912221144936888
Hapeloglu,9,3,0.008971910585849207,0.008197554844758733,0.009746266326939682
Hapeloglu,10,3,0.009566788125793542,0.0047102504378136205,0.014423325813773464
Hapeloglu,11,3,0.007495840302808809,0.006196201421336533,0.008795479184281087
Hapeloglu,12,4,0.008807425281615506,0.0033080870793369826,0.014306763483894029
Hapeloglu,13,4,0.004568865969328671,0.002129660152333894,0.007450165156103038
Hapeloglu,14,4,0.009677222009361006,0.004110473357098118,0.016636771642611008
Hapeloglu,15,4,0.014168048535055988,0.008619559161570381,0.019716537908541592
Hapeloglu,16,4,0.0033167619408304397,0.0010215481907063693,0.005915133077063178
Hapeloglu,17,4,0.008780571092947278,0.003928452022734871,0.013632690163159683
Hapeloglu,18,4,0.006741544133541254,0.002113276085043296,0.01127428007338864
Hapeloglu,19,4,0.004443850267379679,0.0,0.011058823529411765
Hapeloglu,20,4,0.010259263498507875,0.004297495592913207,0.016897000777016818
Hapeloglu,21,4,0.00846588456610445,0.002162421912542047,0.015490154523847534
Hapeloglu,22,3,0.005854589561310557,0.0013644358800667946,0.01034474324255432
Hapeloglu,23,3,0.008717845094500602,0.0035147568098413194,0.013920933379159882
Hapeloglu,24,5,0.01396019721153206,0.008530168614022393,0.020318079810255914
Hapeloglu,25,5,0.007378586397575021,0.002932338397804712,0.012293417984811674
Hapeloglu,26,5,0.0069454435713041844,0.004201432779952841,0.010362988799149871
Hapeloglu,27,5,0.010827009439943044,0.0061096306048676104,0.015414152804749412
Hapeloglu,28,5,0.004137613317271529,0.0015634942979227489,0.006935821291824721
Hapeloglu,29,4,0.008470639271408805,0.003793214720193926,0.012566604497402321
Hapeloglu,30,5,0.005302448962268518,0.002003560844565928,0.008822085354159449
Hapeloglu,31,3,0.005088420774658801,0.001852783308416409,0.008324058240901192
HappyCenter,5,1,0.01328860792155851,0.01328860792155851,0.01328860792155851
HappyCenter,6,1,0.34144475053565965,0.34144475053565965,0.34144475053565965
HappyCenter,7,1,0.003952569169960474,0.003952569169960474,0.003952569169960474
HappyCenter,8,1,0.0,0.0,0.0
HappyCenter,9,1,0.006993006993006993,0.006993006993006993,0.006993006993006993
HappyCenter,10,1,0.018643031784841075,0.018643031784841075,0.018643031784841075
HappyCenter,11,1,0.028393238142130312,0.028393238142130312,0.028393238142130312
HappyCenter,12,1,0.33707109217313297,0.33707109217313297,0.33707109217313297
HappyCenter,13,1,0.050345979479837745,0.050345979479837745,0.050345979479837745
HappyCenter,14,1,0.007078350012204052,0.007078350012204052,0.007078350012204052
Ideal,1,1,0.08435472242249459,0.08435472242249459,0.08435472242249459
Ideal,2,1,0.00433996383363472,0.00433996383363472,0.00433996383363472
Ideal,3,1,0.005833029529711994,0.005833029529711994,0.005833029529711994
Ideal,4,1,0.004371584699453552,0.004371584699453552,0.004371584699453552
Ideal,5,1,0.0025584795321637425,0.0025584795321637425,0.0025584795321637425
Ideal,6,1,0.002210759027266028,0.002210759027266028,0.002210759027266028
Ideal,7,1,0.004086181277860327,0.004086181277860327,0.004086181277860327
Ideal,21,1,0.003907637655417406,0.003907637655417406,0.003907637655417406
Ideal,22,1,0.0,0.0,0.0
Ideal,25,1,0.029115744069015098,0.029115744069015098,0.029115744069015098
Ideal,26,1,0.004694835680751174,0.004694835680751174,0.004694835680751174
Ideal,27,1,0.009018759018759018,0.009018759018759018,0.009018759018759018
Ideal,28,1,0.0025225225225225223,0.0025225225225225223,0.0025225225225225223
Kale,1,3,0.011934144540779158,0.0009563554164493132,0.022911933665109
Kale,2,5,0.004999359015999124,0.0007065147514745604,0.011966352828666421
Kale,3,5,0.016584747170783738,0.010774579157069142,0.022667192799502887
Kale,4,4,0.00618919551949522,0.002376059594143334,0.010138746489483333
Kale,5,4,0.01964604950173363,0.009103992595809159,0.03360894587309682
Kale,6,4,0.017274386015614967,0.001635174418604651,0.03896103896103896
Kale,7,2,0.011274543814611808,0.007770762506070908,0.014778325123152709
Kale,8,2,0.004232730598327982,0.004081632653061225,0.00438382854359474
Kale,9,3,0.007255057626586489,0.0038734476641040807,0.010636667589068895
Kale,10,3,0.008030396739850313,0.0028308555647707217,0.013229937914929907
Kale,11,3,0.0022797635800731776,0.0003189792663476874,0.004240547893798668
Kale,12,3,0.005228930317848612,0.0024014409747174135,0.00805641966097981
Kale,13,3,0.01616693197259482,0.008485731184891158,0.02384813276029848
Kale,14,2,0.014403655948239811,0.013437248051599033,0.015370063844880587
Kale,15,2,0.003337226708798725,0.0030559473436765397,0.00361850607392091
Kale,16,2,0.00822175240779892,0.0,0.01644350481559784
Kale,17,4,0.005105371323276346,0.0033364503889325254,0.00645449588993656
Kale,18,4,0.004474243542333066,0.00024964590851897744,0.008700894235662409
Kale,19,4,0.010850990705827353,0.005532085946225369,0.015342960359056553
Kale,20,4,0.00974991401731922,0.004272840400901434,0.014824323624760573
Kale,21,4,0.014749448057379752,0.005822576043983093,0.023676320070776413
Kale,22,4,0.00556892939048295,0.0030073221757322176,0.008130536605233683
Kale,23,4,0.010531351049406213,0.0038978494623655912,0.01655106134046465
Kale,24,5,0.00947873446223722,0.005241806792337611,0.014221524649186306
Kale,25,4,0.003605980615261992,0.0008707900450486217,0.008360287541849207
Kale,26,4,0.00298502798695694,0.002628913410899784,0.003341142563014096
Kale,27,3,0.009738352161010431,0.0036357626838539082,0.015840941638166958
Kale,28,3,0.002062528245791416,0.0005508124483613329,0.0035742440432214996
Kale,29,3,0.0019866702654526883,0.0009994132812010737,0.0029739272497043036
Kale,30,4,0.005651699287612648,0.0016308169109677947,0.009094655443089995
Kale,31,1,0.0071782178217821785,0.0071782178217821785,0.0071782178217821785
Kim,1,4,0.08471830723033269,0.05611007568448487,0.10852209753873819
Kim,2,4,0.02477655848866874,0.011714746787501428,0.03698552266310236
Kim,3,4,0.012277472801484227,0.005267785489961372,0.01991898610744971
Kim,4,4,0.01285383866338216,0.00996185511139749,0.01540039305544828
Kim,5,4,0.016672815785106317,0.0032951356151467975,0.03771561017680035
Kim,6,4,0.003500454124050487,0.0014303610125182917,0.005868794693245893
Kim,7,3,0.008951825303594455,0.005195075926783243,0.012708574680405668
Kim,8,3,0.0032726967551778385,0.001319537309484109,0.005225856200871568
Kim,9,3,0.017489538970636688,0.012287005460546839,0.02269207248072654
Kim,10,3,0.014220452672521403,0.002364727443909707,0.0260761779011331
Kim,11,3,0.022335931436567803,0.007028046825440254,0.03764381604769535
Kim,12,3,0.0075920065185933125,0.001460706982179375,0.013723306055007248
Kim,13,3,0.01764820937829754,0.010007438268307833,0.025288980488287247
Kim,14,3,0.014580482150785603,0.01118850280025703,0.01797246150131418
Kim,15,3,0.01730041633939618,0.005806163465832961,0.028794669212959395
Kim,16,4,0.014026547764794532,0.007853076209431225,0.021061056703215415
Kim,17,4,0.006459846775787837,0.0029265871895046763,0.00969779842687688
Kim,18,4,0.02627209928951734,0.005233259283976237,0.06588315963070782
Kim,19,4,0.007252360262411319,0.0033083370092633437,0.010975609756097562
Kim,20,4,0.02764228210066699,0.0034296580380837093,0.05241460982729422
Kim,21,4,0.0086336786809588,0.003605769230769231,0.012239447911728034
Kim,22,4,0.008404025918814074,0.0032851511169513796,0.012127197184692304
Kim,23,4,0.008758370879371973,0.0026788087868591156,0.014516305795188977
Kim,24,5,0.006788644174151477,0.003059494606617222,0.010512857873452186
Kim,25,4,0.009029784919764184,0.005689382012887287,0.012409687404704349
Kim,26,5,0.005246299152551561,0.0028028385846772556,0.00784255764927383
Kim,27,4,0.003815807127695913,0.0015204187539052988,0.006327641706330686
Kim,28,4,0.022098014870404244,0.00669531079703784,0.050154487045690754
Kim,29,3,0.009980405163277598,0.00492539475590323,0.015035415570651967
Kim,30,4,0.010153271772463331,0.002997406625533794,0.01730913691939287
Kim,31,2,0.01124235803371343,0.01103097157403479,0.01145374449339207
Macrocenter,1,3,0.03412046120359992,0.023245236416286633,0.04499568599091321
Macrocenter,2,4,0.009589942622710453,0.0033170190662959414,0.016104125365550753
Macrocenter,3,3,0.017895742355866887,0.006633977541976146,0.029157507169757634
Macrocenter,4,3,0.0030224939147418402,0.0014182622116547781,0.0046267256178289026
Macrocenter,5,4,0.01239420179035864,0.0036135758247980328,0.021174827755919248
Macrocenter,6,3,0.00529124025518133,0.002612621973300678,0.007969858537061983
Macrocenter,7,2,0.00669992972767715,0.0043617703656189865,0.009038089089735314
Macrocenter,8,2,0.02361890557028884,0.0003900663112729164,0.04684774482930476
Macrocenter,9,2,0.005153758298083887,0.0035870864886408927,0.006720430107526882
Macrocenter,10,2,0.0046311446903467175,0.0017386984600099354,0.007523590920683499
Macrocenter,11,2,0.02239419527352465,0.003144258583825934,0.04164413196322336
Macrocenter,12,3,0.00797267864715389,0.006109020220115182,0.009836337074192599
Macrocenter,13,2,0.00849185833785716,0.00265520293336705,0.014328513742347272
Macrocenter,14,2,0.004590179633885928,0.002465483234714004,0.006714876033057851
Macrocenter,15,3,0.006750031473683246,0.0032246836315513766,0.011336982017200938
Macrocenter,16,3,0.012610153705167876,0.006396651871831333,0.01882365553850442
Macrocenter,17,3,0.01801709723891338,0.004090481449666626,0.03194371302816013
Macrocenter,18,1,0.003143418467583497,0.003143418467583497,0.003143418467583497
Macrocenter,19,1,0.005665349143610013,0.005665349143610013,0.005665349143610013
Macrocenter,20,3,0.019776615887079844,0.012193802146911485,0.027359429627248202
Macrocenter,21,4,0.016529019671331822,0.0037373986322200257,0.034995286620424663
Macrocenter,22,4,0.005716256869934879,0.0,0.011406844106463879
Macrocenter,23,4,0.005108956725585347,0.0016551992730105152,0.008442079067010833
Macrocenter,24,5,0.007895463503324152,0.00349502404133297,0.014313343294031259
Macrocenter,25,4,0.006337692515842243,0.002994327087811696,0.009681057943872792
Macrocenter,26,3,0.008361226241783837,0.003461826395089492,0.013260626088478182
Macrocenter,27,3,0.0324162097271341,0.005140434552199258,0.059691984902068944
Macrocenter,28,3,0.011781995146963485,0.0066396750868409704,0.016924315207085996
Macrocenter,29,3,0.012623833400186898,0.0015603961485267566,0.02368727065184704
Macrocenter,30,4,0.005631073355540372,0.0021664915966386556,0.009095655114442089
Macrocenter,31,2,0.009765742299800673,0.009175497544585165,0.010355987055016181
Marketzade,1,6,0.003948852952237683,0.0,0.01184655885671305
Marketzade,2,6,0.0417771820621018,0.00030395464444652804,0.08746820001771742
Marketzade,3,6,0.1401747789302017,0.0,0.2804163262694076
Marketzade,4,6,0.0,0.0,0.0
Marketzade,5,6,0.0039259644993267775,0.0,0.011593118922961854
Marketzade,6,6,0.03275915962317094,0.0,0.08879341210168278
Marketzade,7,5,0.0006603370305014522,7.544322897019993e-05,0.0011845005302641002
Marketzade,8,4,0.0,0.0,0.0
Marketzade,9,4,0.0,0.0,0.0
Marketzade,10,4,0.04809560823940925,0.0,0.0961912164788185
Marketzade,11,3,0.00024473813020068524,0.0,0.0004894762604013705
Marketzade,12,4,0.03527920411641777,0.0,0.07055840823283555
Marketzade,13,4,0.0002670940170940171,0.0,0.0005341880341880342
Marketzade,14,4,0.0004772814051164567,0.0,0.00143184421534937
Marketzade,15,4,0.0,0.0,0.0
Marketzade,16,4,9.177679882525697e-05,0.0,0.0002753303964757709
Marketzade,17,4,0.0,0.0,0.0
Marketzade,18,4,0.003307114765820522,0.0,0.006614229531641044
Marketzade,19,4,0.0,0.0,0.0
Marketzade,20,4,0.0,0.0,0.0
Marketzade,21,4,0.0,0.0,0.0
Marketzade,22,4,0.0,0.0,0.0
Marketzade,23,4,0.20512319123973408,0.0,0.6153695737192022
Marketzade,24,5,0.0,0.0,0.0
Marketzade,25,5,0.0,0.0,0.0
Marketzade,26,5,0.018619698058950397,0.0,0.055859094176851184
Marketzade,27,5,0.00015261350629530715,0.0,0.0004578405188859215
Marketzade,28,5,0.034782608695652174,0.0,0.10434782608695652
Marketzade,29,4,0.0,0.0,0.0
Marketzade,30,5,7.390983000739098e-05,0.0,0.00022172949002217295
Marketzade,31,3,0.0,0.0,0.0
Migros,1,5,0.021468008937860432,0.011747465742708874,0.03060009128296512
Migros,2,5,0.008533288245041792,0.004255687224288556,0.01177376885288892
Migros,3,5,0.011302728344022355,0.006143939444819368,0.01611585522422947
Migros,4,5,0.007227861033204401,0.002342035786921759,0.012144762498001928
Migros,5,5,0.008707122068826395,0.0061561433808954,0.01257494132416714
Migros,6,5,0.0055254945710077556,0.001332612862990702,0.010208017467842268
Migros,7,4,0.011952962657773417,0.005692251193536541,0.018213674122010293
Migros,8,3,0.004141770947045909,0.0008712828345575592,0.007412259059534258
Migros,9,3,0.0067920673793452095,0.003178698939991544,0.010405435818698872
Migros,10,3,0.005741483127111966,0.005452886229667852,0.00603008002455608
Migros,11,3,0.008036992893151733,0.0037110594693049344,0.01236292631699853
Migros,12,4,0.02956189228051708,0.008446603075654372,0.06590955780152907
Migros,13,4,0.021418768554470724,0.005685876574384408,0.04946838763501507
Migros,14,4,0.006174925749589078,0.0030016215189810165,0.009235224892731366
Migros,15,4,0.008089008146649463,0.0007635466281064681,0.01971519815033439
Migros,16,4,0.013916571925910361,0.0016915336571825122,0.0361594980599356
Migros,17,4,0.0030964531954994984,0.0007715463632044956,0.005421360027794501
Migros,18,4,0.006862318530908911,0.00378795143194919,0.010560010231612429
Migros,19,4,0.0113691078644406,0.00902705713261866,0.012806439809732895
Migros,20,4,0.05788557880442237,0.006054798773613903,0.11012096364696247
Migros,21,4,0.010988924127919589,0.006555210231129211,0.015422638024709964
Migros,22,4,0.005032873570529684,0.0001478315784976866,0.011870500040566452
Migros,23,4,0.006822155197110078,0.0015868931206038772,0.01205741727361628
Migros,24,5,0.03974141372257127,0.00469326199225348,0.10474655034614991
Migros,25,5,0.010535427046535638,0.003917268415767486,0.018700911662219783
Migros,26,5,0.0388966000016773,0.003558568477606118,0.08630305577720065
Migros,27,4,0.0061563416902867835,0.0028945249973649587,0.009409144708326801
Migros,28,4,0.014899723201477014,0.007376939058279908,0.021664378719999156
Migros,29,3,0.012867481087977228,0.00019774430842159048,0.025537217867532866
Migros,30,4,0.023977565935773583,0.0036471510893116245,0.043705033497915914
Migros,31,2,0.015816533031274765,0.010347376201034738,0.02128568986151479
Mopas,1,2,0.023377011524469644,0.007513285688107018,0.03924073736083227
Mopas,2,2,0.03465887707652944,0.020018034265103696,0.04929971988795518
Mopas,3,3,0.019841304834800483,0.009490039631184012,0.03019257003841695
Mopas,4,3,0.015313508908469208,0.011225722964516724,0.019401294852421692
Mopas,5,3,0.014091654271970809,0.0038073191758518136,0.024375989368089806
Mopas,6,2,0.0023118180136859627,0.0,0.0046236360273719255
Mopas,7,1,0.030828164903319955,0.030828164903319955,0.030828164903319955
Mopas,17,1,0.0,0.0,0.0
Mopas,18,1,0.018164794007490638,0.018164794007490638,0.018164794007490638
Mopas,19,1,0.015986769570011026,0.015986769570011026,0.015986769570011026
Mopas,20,1,0.016633520159103236,0.016633520159103236,0.016633520159103236
Mopas,21,1,0.00888163857168751,0.00888163857168751,0.00888163857168751
Mopas,22,1,0.0128,0.0128,0.0128
Mopas,23,1,0.0012464387464387464,0.0012464387464387464,0.0012464387464387464
Mopas,24,2,0.006210041501377826,0.00017885888034340904,0.012241224122412242
Mopas,25,1,0.0077687443541102075,0.0077687443541102075,0.0077687443541102075
Mopas,26,1,0.012534059945504087,0.012534059945504087,0.012534059945504087
Mopas,27,1,0.00018021265092809516,0.00018021265092809516,0.00018021265092809516
Mopas,28,1,0.02328080229226361,0.02328080229226361,0.02328080229226361
Mopas,29,1,0.05585200996086802,0.05585200996086802,0.05585200996086802
Mopas,30,2,0.029324447185583965,0.011854824001459055,0.046794070369708875
Mopas,31,1,0.0003606853020739405,0.0003606853020739405,0.0003606853020739405
Onur,12,1,0.0,0.0,0.0
Onur,26,1,0.0,0.0,0.0
Onur,27,1,0.004232804232804233,0.004232804232804233,0.004232804232804233
Onur,28,1,0.0,0.0,0.0
Sariyer,1,1,0.0027183762232693004,0.0027183762232693004,0.0027183762232693004
Sariyer,2,1,0.008773533174922318,0.008773533174922318,0.008773533174922318
Sariyer,3,1,0.007021433850702144,0.007021433850702144,0.007021433850702144
Sariyer,4,1,0.003119838502477519,0.003119838502477519,0.003119838502477519
Sariyer,5,1,0.0014660069635330768,0.0014660069635330768,0.0014660069635330768
Sariyer,27,1,0.0018284878405558603,0.0018284878405558603,0.0018284878405558603
Sariyer,28,1,0.004045605001838912,0.004045605001838912,0.004045605001838912
SozSanal,1,1,0.0,0.0,0.0
SozSanal,2,1,0.0,0.0,0.0
SozSanal,3,1,0.0,0.0,0.0
SozSanal,4,1,0.07833802207314434,0.07833802207314434,0.07833802207314434
SozSanal,5,1,0.0,0.0,0.0
SozSanal,6,1,0.0,0.0,0.0
SozSanal,7,1,0.0,0.0,0.0
SozSanal,8,1,0.0,0.0,0.0
SozSanal,9,1,0.0,0.0,0.0
SozSanal,10,1,0.0,0.0,0.0
SozSanal,11,1,0.0,0.0,0.0
SozSanal,12,1,0.05804230201672405,0.05804230201672405,0.05804230201672405
SozSanal,13,1,0.0,0.0,0.0
SozSanal,14,1,0.0,0.0,0.0
SozSanal,15,1,0.0,0.0,0.0
SozSanal,16,1,0.0,0.0,0.0
SozSanal,17,1,0.0,0.0,0.0
SozSanal,18,1,0.0,0.0,0.0
SozSanal,19,1,0.007994950557542605,0.007994950557542605,0.007994950557542605
SozSanal,20,1,0.0,0.0,0.0
SozSanal,23,1,0.0,0.0,0.0
SozSanal,24,1,0.0,0.0,0.0
SozSanal,25,1,0.0,0.0,0.0
SozSanal,26,1,0.0,0.0,0.0
SozSanal,27,1,0.0,0.0,0.0
SozSanal,28,1,0.0,0.0,0.0
SozSanal,29,1,0.0,0.0,0.0
Tarım Kredi Kooperatif,1,2,0.004958853258195805,0.0012970168612191958,0.008620689655172414
Tarım Kredi Kooperatif,2,3,0.029724316750926013,0.011767817003834459,0.047680816498017566
Tarım Kredi Kooperatif,3,3,0.021801678715426685,0.001011250158007837,0.042592107272845535
Tarım Kredi Kooperatif,4,3,0.010591214439962263,0.005498900904329619,0.015683527975594906
Tarım Kredi Kooperatif,5,3,0.011679209355199588,0.004236571849818246,0.019121846860580927
Tarım Kredi Kooperatif,6,3,0.009735998452060413,0.004662885948330183,0.014809110955790641
Tarım Kredi Kooperatif,7,2,0.0007561436672967864,0.0,0.0015122873345935729
Tarım Kredi Kooperatif,14,1,0.0,0.0,0.0
Tarım Kredi Kooperatif,15,1,0.012997243009058685,0.012997243009058685,0.012997243009058685
Tarım Kredi Kooperatif,16,1,0.0,0.0,0.0
Tarım Kredi Kooperatif,17,1,0.0,0.0,0.0
Tarım Kredi Kooperatif,18,1,0.0031508467900748325,0.0031508467900748325,0.0031508467900748325
Tarım Kredi Kooperatif,19,1,0.04075235109717868,0.04075235109717868,0.04075235109717868
Tarım Kredi Kooperatif,20,1,0.012920908379013312,0.012920908379013312,0.012920908379013312
Tarım Kredi Kooperatif,21,1,0.003915426781519186,0.003915426781519186,0.003915426781519186
Tarım Kredi Kooperatif,22,1,0.005088062622309198,0.005088062622309198,0.005088062622309198
Tarım Kredi Kooperatif,23,1,0.004696673189823875,0.004696673189823875,0.004696673189823875
Tarım Kredi Kooperatif,24,2,0.017013981045632284,0.0007827788649706458,0.03324518322629392
Tarım Kredi Kooperatif,25,1,0.005870841487279843,0.005870841487279843,0.005870841487279843
Tarım Kredi Kooperatif,26,1,0.01757737867787543,0.01757737867787543,0.01757737867787543
Tarım Kredi Kooperatif,27,1,0.00611387084447841,0.00611387084447841,0.00611387084447841
Tarım Kredi Kooperatif,28,1,0.03435114503816794,0.03435114503816794,0.03435114503816794
Tarım Kredi Kooperatif,29,1,0.013358778625954198,0.013358778625954198,0.013358778625954198
Tarım Kredi Kooperatif,30,2,0.008635385893081231,0.00038153376573826786,0.016889238020424194
Tarım Kredi Kooperatif,31,1,0.0017293558149589277,0.0017293558149589277,0.0017293558149589277
sehzade,1,1,0.006970260223048327,0.006970260223048327,0.006970260223048327
sehzade,2,2,0.04874389761293771,0.0377418331747542,0.05974596205112122
sehzade,3,2,0.0034699547459471846,0.0023715415019762848,0.004568367989918084
sehzade,4,2,0.016965020059185838,0.0058445353594389245,0.02808550475893275
sehzade,5,3,0.003961651883434623,5.112474437627812e-05,0.007872179022492968
sehzade,6,3,0.003486422114897551,0.001139718846350276,0.005833125383444826
sehzade,7,1,0.0,0.0,0.0
sehzade,12,2,0.014783980359040196,0.012959292575087666,0.016608668142992725
sehzade,13,1,0.0019096117122851686,0.0019096117122851686,0.0019096117122851686
sehzade,14,1,0.0056,0.0056,0.0056
sehzade,15,1,0.011356365962891874,0.011356365962891874,0.011356365962891874
sehzade,16,1,0.0,0.0,0.0
sehzade,17,1,0.0003189284005740711,0.0003189284005740711,0.0003189284005740711
sehzade,18,1,0.017479153303399615,0.017479153303399615,0.017479153303399615
sehzade,19,1,0.0059514235161653535,0.0059514235161653535,0.0059514235161653535
sehzade,20,1,0.005761843790012804,0.005761843790012804,0.005761843790012804
sehzade,21,1,0.01315578373175036,0.01315578373175036,0.01315578373175036
sehzade,22,1,0.00925778132482043,0.00925778132482043,0.00925778132482043
sehzade,23,1,0.008021819348628268,0.008021819348628268,0.008021819348628268
sehzade,24,2,0.010908524232507402,0.0,0.021817048465014803
sehzade,25,1,0.00723589001447178,0.00723589001447178,0.00723589001447178
sehzade,26,1,0.023368251410153102,0.023368251410153102,0.023368251410153102
sehzade,27,1,0.03220688561002697,0.03220688561002697,0.03220688561002697
sehzade,28,1,0.001893939393939394,0.001893939393939394,0.001893939393939394
sehzade,29,1,0.0036311967161351435,0.0036311967161351435,0.0036311967161351435
sehzade,30,2,0.004093540752223972,0.0006335128286347799,0.007553568675813165
sok_market,4,1,0.01382660687593423,0.01382660687593423,0.01382660687593423
sok_market,5,1,0.004176157934700076,0.004176157934700076,0.004176157934700076
sok_market,23,1,0.0,0.0,0.0
sok_market,24,1,0.002705836876691148,0.002705836876691148,0.002705836876691148
sok_market,25,1,0.01281085154483798,0.01281085154483798,0.01281085154483798
sok_market,26,1,0.012209080503624571,0.012209080503624571,0.012209080503624571
