block,policy,rows,MAE,vs_persistence_%,gain_target_real,gain_target_diverge,gain_target_label_b3,gain_target_flat,gain_other_real,gain_other_diverge,gain_other_label_b3,gain_other_flat
B1,persistence,139713,1.8348,0.0,0.0,0.0,0.0,0.0,0.0,0.0,0.0,0.0
B1,"calendar gate, pilot threshold (pilot system)",139713,1.8048,1.6318,223.9462,5127.9188,0.0,-1168.954,0.0,0.0,0.0,0.0
B1,"every day, pilot threshold",139713,1.7102,6.7928,223.9462,5127.9188,0.0,-1168.954,983.0756,22316.9898,0.0,-10070.1236
B1,"every day, threshold tuned on valid (0.45)",139713,1.7102,6.7928,223.9462,5127.9188,0.0,-1168.954,983.0756,22316.9898,0.0,-10070.1236
B1,dual: target days 0.45 / other days 0.5,139713,1.7144,6.5631,223.9462,5127.9188,0.0,-1168.954,420.3768,21452.7877,0.0,-9231.9813
B2,persistence,62576,3.9757,0.0,0.0,0.0,0.0,0.0,0.0,0.0,0.0,0.0
B2,"calendar gate, pilot threshold (pilot system)",62576,3.6993,6.9521,308.8497,19759.7464,0.0,-2772.8937,0.0,0.0,0.0,0.0
B2,"every day, pilot threshold",62576,3.3124,16.6831,308.8497,19759.7464,0.0,-2772.8937,0.3555,35077.5485,0.0,-10868.8742
B2,"every day, threshold tuned on valid (0.7)",62576,3.228,18.8074,90.3926,17890.595,0.0,-1689.6765,-7.5171,32638.5788,0.0,-2132.7253
B2,dual: target days 0.7 / other days 0.7,62576,3.228,18.8074,90.3926,17890.595,0.0,-1689.6765,-7.5171,32638.5788,0.0,-2132.7253
B3,persistence,60283,1.1463,0.0,0.0,0.0,0.0,0.0,0.0,0.0,0.0,0.0
B3,"calendar gate, pilot threshold (pilot system)",60283,1.1426,0.3197,33.7419,1321.4289,0.0,-1134.2509,0.0,0.0,0.0,0.0
B3,"every day, pilot threshold",60283,0.7322,36.1263,33.7419,1321.4289,0.0,-1134.2509,34.2258,18959.425,35938.0622,-30188.3049
B3,"every day, threshold tuned on valid (0.25)",60283,1.0181,11.1815,44.9249,1397.185,0.0,-4377.5885,37.5047,20211.5228,35938.0622,-45524.8816
B3,dual: target days 0.5 / other days 0.25,60283,0.9563,16.5775,33.7419,1321.4289,0.0,-561.8592,37.5047,20211.5228,35938.0622,-45524.8816
