block,is_target_data,cls,rows,persistence_err
B1,False,diverge,7994,168856.68
B1,False,flat,106943,0.12
B1,False,real,766,23266.53
B1,True,diverge,6354,55333.52
B1,True,flat,17391,0.0
B1,True,real,265,8886.24
B2,False,diverge,2665,166065.97
B2,False,flat,45074,0.05
B2,False,real,165,9802.16
B2,True,diverge,971,57307.2
B2,True,flat,13272,0.0
B2,True,real,429,15607.93
B3,False,diverge,1125,27923.83
B3,False,flat,55762,0.45
B3,False,label_b3,42,36035.1
B3,False,real,107,2132.45
B3,True,diverge,43,1885.79
B3,True,flat,3179,0.0
B3,True,real,25,1125.35
