store,train_budget,family,rule,chg,tl,days
A101,0.15,dow,Cmt,0.557,0.444,0.143
A101,0.15,dom,"23, 9, 28, 18, 1",0.004,0.005,0.143
A101,0.15,mix,"23, Cmt, 28, 21",0.558,0.444,0.229
A101,0.3,dow,"Cmt, Çar",0.956,0.823,0.286
A101,0.3,dom,"23, 9, 28, 18, 1, 6, 12, 14, 21, 4",0.06,0.051,0.343
A101,0.3,mix,"23, Cmt, 9, 28, 18, 1, 6, 12, 21",0.612,0.492,0.4
A101,0.45,dow,"Cmt, Çar, Sal",0.962,0.83,0.4
A101,0.45,dom,"23, 9, 28, 18, 1, 6, 12, 14, 21, 25, 7, 16, 20",0.07,0.066,0.4
A101,0.45,mix,"23, Cmt, 9, 28, 18, 1, Çar, 6, 12, 14, 21, 25, 4",0.968,0.833,0.629
Migros,0.15,dow,Per,0.615,0.76,0.171
Migros,0.15,dom,"26, 30, 12, 13, 31, 29",0.136,0.092,0.2
Migros,0.15,mix,"26, 30, 12, 13, 31, 29",0.136,0.092,0.2
Migros,0.3,dow,"Per, Çar",0.707,0.833,0.314
Migros,0.3,dom,"26, 30, 12, 13, 31, 1, 16, 7, 28, 25",0.203,0.185,0.343
Migros,0.3,mix,"26, 30, Per, 12, 13, 31, 1, 16, 7",0.72,0.858,0.4
Migros,0.45,dow,"Per, Çar, Cum",0.805,0.885,0.457
Migros,0.45,dom,"26, 30, 12, 13, 31, 1, 16, 7, 28, 25, 19, 21, 5, 15",0.263,0.224,0.486
Migros,0.45,mix,"26, 30, Per, 12, 13, 31, 1, 16, 7, 28, 25, 19, 21, 5",0.818,0.915,0.571
Gurmar,0.15,dow,Paz,0.01,0.002,0.146
Gurmar,0.15,dom,"1, 3, 16, 7, 8, 31",0.543,0.58,0.167
Gurmar,0.15,mix,"1, 3, 16, 7, 8, 31",0.543,0.58,0.167
Gurmar,0.3,dow,"Paz, Çar",0.164,0.259,0.292
Gurmar,0.3,dom,"1, 3, 16, 7, 8, 15, 24, 14, 4, 9",0.636,0.64,0.292
Gurmar,0.3,mix,"1, 3, 16, 7, 8, 15, Paz, 24",0.592,0.615,0.354
Gurmar,0.45,dow,"Paz, Çar, Pzt",0.235,0.298,0.417
Gurmar,0.45,dom,"1, 3, 16, 7, 8, 15, 24, 14, 4, 9, 13, 10, 17, 25, 20",0.737,0.7,0.438
Gurmar,0.45,mix,"1, 3, 16, 7, 8, 15, Paz, 24, Çar, 14, 4, 29, 22",0.751,0.794,0.604
Kim,0.15,dow,Pzt,0.077,0.105,0.161
Kim,0.15,dom,"1, 18, 28, 11, 2, 31",0.485,0.488,0.226
Kim,0.15,mix,"1, 18, 28, 11, 2, 31",0.485,0.488,0.226
Kim,0.3,dow,"Pzt, Çar",0.211,0.268,0.29
Kim,0.3,dom,"1, 18, 28, 11, 2, 13, 9, 16, 15, 31",0.492,0.494,0.258
Kim,0.3,mix,"1, 18, 28, Pzt, 11, 2, 13, 9",0.544,0.57,0.355
Kim,0.45,dow,"Pzt, Çar, Cmt",0.336,0.359,0.419
Kim,0.45,dom,"1, 18, 28, 11, 2, 13, 9, 16, 15, 4, 14, 10, 7, 23, 31",0.532,0.524,0.387
Kim,0.45,mix,"1, 18, 28, Pzt, 11, 2, 13, 9, 16, 15, Çar, 4, 31",0.647,0.659,0.548
Macrocenter,0.15,dow,Cum,0.154,0.095,0.143
Macrocenter,0.15,dom,"8, 11, 5, 20, 1",0.201,0.14,0.143
Macrocenter,0.15,mix,"8, 11, 5, 20, 1",0.201,0.14,0.143
Macrocenter,0.3,dow,"Cum, Per",0.555,0.657,0.314
Macrocenter,0.3,dom,"8, 11, 5, 20, 16, 1, 3, 31, 12, 7, 6",0.332,0.232,0.371
Macrocenter,0.3,mix,"8, 11, 5, 20, Cum, 16, 1, 3, 31, 6",0.468,0.318,0.457
Macrocenter,0.45,dow,"Cum, Per, Pzt",0.673,0.831,0.457
Macrocenter,0.45,dom,"8, 11, 5, 20, 16, 1, 3, 31, 12, 7, 30, 26, 25, 6, 4",0.377,0.245,0.543
Macrocenter,0.45,mix,"8, 11, 5, 20, Cum, 16, Per, 1, 3, 31, 12, 7, 30, 6",0.721,0.742,0.657
Hapeloglu,0.15,dow,Çar,0.069,0.103,0.143
Hapeloglu,0.15,dom,"24, 21, 15, 4, 27",0.293,0.259,0.2
Hapeloglu,0.15,mix,"24, 21, 15, 4, 27",0.293,0.259,0.2
Hapeloglu,0.3,dow,"Çar, Paz",0.246,0.342,0.286
Hapeloglu,0.3,dom,"24, 21, 15, 4, 27, 14, 12, 10, 17, 23",0.433,0.368,0.314
Hapeloglu,0.3,mix,"24, 21, 15, 4, Çar, 27, 14",0.395,0.395,0.371
Hapeloglu,0.45,dow,"Çar, Paz, Per",0.434,0.488,0.457
Hapeloglu,0.45,dom,"24, 21, 15, 4, 27, 14, 12, 10, 17, 20, 9, 25, 5, 18",0.547,0.464,0.429
Hapeloglu,0.45,mix,"24, 21, 15, 4, Çar, Paz, 27, 14, 12, 29, 22",0.625,0.702,0.543
