store,method,days,sel_days,changes,sel_changes,err,sel_err,day_share,change_capture,err_capture,lift,capture_min_month,origins
A101,1st_only,55,3,2876,9,113233.58,543.5,0.05454545454545454,0.003129346314325452,0.004799812917687492,0.05737134909596662,0.0,4
A101,dom_top2,55,4,2876,21,113233.58,716.4,0.07272727272727272,0.007301808066759388,0.006326745122780715,0.10039986091794159,0.0,4
A101,dom_top2+dow_top1,55,12,2876,1715,113233.58,60545.13,0.21818181818181817,0.5963143254520167,0.5346923589274489,2.73310732498841,0.5171898355754858,4
A101,dom_top4,55,9,2876,32,113233.58,1091.4,0.16363636363636364,0.011126564673157162,0.009638483566447338,0.0679956730026271,0.0,4
A101,dom_top4_shrunk,55,10,2876,802,113233.58,27556.9,0.18181818181818182,0.27885952712100137,0.24336332031540467,1.5337273991655076,0.0029895366218236174,4
A101,dom_top6,55,12,2876,208,113233.58,11497.85,0.21818181818181817,0.07232267037552156,0.10154099163869941,0.3314789058878072,0.0,4
A101,dow_top1,55,8,2876,1694,113233.58,59828.73,0.14545454545454545,0.5890125173852573,0.5283656138046682,4.0494610570236445,0.5142002989536621,4
A101,dow_top2,55,15,2876,2559,113233.58,92646.98000000001,0.2727272727272727,0.8897774687065368,0.8181935076149673,3.262517385257302,0.7933390264731,4
A101,every_day,55,55,2876,2876,113233.58,113233.58,1.0,1.0,1.0,1.0,1.0,4
A101,learned_gate,35,2,1705,6,75563.95,106.0,0.05714285714285714,0.0035190615835777126,0.0014027853228953755,0.06158357771260997,0.0,3
A101,pilot_1_14_15_16_hol,55,11,2876,405,113233.58,12481.33,0.2,0.14082058414464535,0.11022640103757207,0.7041029207232267,0.0,4
A101,pooled_dom_top4,55,10,2876,993,113233.58,27239.45,0.18181818181818182,0.3452712100139082,0.24055982333155942,1.8989916550764951,0.0029895366218236174,4
A101,spec_1_15_end_hol,55,9,2876,359,113233.58,9043.05,0.16363636363636364,0.12482614742698192,0.07986191022133186,0.7628264564982229,0.0,4
A101,store_best,55,15,2876,1830,113233.58,69241.18000000001,0.2727272727272727,0.6363004172461753,0.6114898071755747,2.3331015299026427,0.1707941929974381,4
Arden,1st_only,62,2,2191,84,49757.03,1095.51,0.03225806451612903,0.038338658146964855,0.022017190334712503,1.1884984025559104,0.0,4
Arden,dom_top2,62,2,2191,83,49757.03,1341.75,0.03225806451612903,0.03788224554997718,0.026966038768793072,1.1743496120492924,0.0,4
Arden,dom_top2+dow_top1,62,11,2191,580,49757.03,11122.84,0.1774193548387097,0.26471930625285256,0.22354308526855401,1.4920542716069871,0.0,4
Arden,dom_top4,62,6,2191,552,49757.03,14913.06,0.0967741935483871,0.2519397535371976,0.29971764793839184,2.6033774532177087,0.09539842873176206,4
Arden,dom_top4_shrunk,62,5,2191,147,49757.03,2166.8,0.08064516129032258,0.0670926517571885,0.0435476152816999,0.8319488817891374,0.0,4
Arden,dom_top6,62,10,2191,580,49757.03,15199.05,0.16129032258064516,0.26471930625285256,0.305465378460089,1.641259698767686,0.09539842873176206,4
Arden,dow_top1,62,9,2191,497,49757.03,9781.09,0.14516129032258066,0.2268370607028754,0.19657704649976093,1.5626553070642526,0.0,4
Arden,dow_top2,62,16,2191,829,49757.03,13999.859999999999,0.25806451612903225,0.37836604290278414,0.28136446246892144,1.4661684162482886,0.0027624309392265192,4
Arden,every_day,62,62,2191,2191,49757.03,49757.03,1.0,1.0,1.0,1.0,1.0,4
Arden,learned_gate,18,5,362,1,12419.45,60.0,0.2777777777777778,0.0027624309392265192,0.004831131813405586,0.009944751381215469,0.0027624309392265192,2
Arden,pilot_1_14_15_16_hol,62,11,2191,451,49757.03,12281.25,0.1774193548387097,0.20584208124144227,0.24682441857964593,1.1602008215426745,0.0,4
Arden,pooled_dom_top4,62,6,2191,133,49757.03,2097.09,0.0967741935483871,0.06070287539936102,0.042146607223140134,0.6272630457933972,0.0,4
Arden,spec_1_15_end_hol,62,10,2191,294,49757.03,9296.89,0.16129032258064516,0.134185303514377,0.18684575827777503,0.8319488817891374,0.016574585635359115,4
Arden,store_best,62,16,2191,559,49757.03,10830.009999999998,0.25806451612903225,0.2551346417161114,0.21765788673479905,0.9886467366499316,0.0027624309392265192,4
Basdas,1st_only,46,1,330,10,8309.58,210.23999999999995,0.021739130434782608,0.030303030303030304,0.025300917735914447,1.393939393939394,0.0,2
Basdas,dom_top2,46,3,330,53,8309.58,1032.36,0.06521739130434782,0.1606060606060606,0.12423732607424201,2.4626262626262627,0.017167381974248927,2
Basdas,dom_top2+dow_top1,46,12,330,99,8309.58,2116.5699999999997,0.2608695652173913,0.3,0.2547144380341726,1.15,0.0944206008583691,2
Basdas,dom_top4,46,7,330,99,8309.58,2355.5699999999997,0.15217391304347827,0.3,0.28347642119096267,1.9714285714285713,0.2145922746781116,2
Basdas,dom_top4_shrunk,46,7,330,115,8309.58,2833.81,0.15217391304347827,0.3484848484848485,0.3410292698307255,2.29004329004329,0.2317596566523605,2
Basdas,dom_top6,46,10,330,159,8309.58,4440.0199999999995,0.21739130434782608,0.4818181818181818,0.5343254412377039,2.2163636363636363,0.4206008583690987,2
Basdas,dow_top1,46,9,330,46,8309.58,1084.2099999999998,0.1956521739130435,0.1393939393939394,0.13047711195993056,0.7124579124579125,0.07725321888412018,2
Basdas,dow_top2,46,14,330,98,8309.58,2394.72,0.30434782608695654,0.296969696969697,0.28818785064949126,0.9757575757575758,0.28865979381443296,2
Basdas,every_day,46,46,330,330,8309.58,8309.58,1.0,1.0,1.0,1.0,1.0,2
Basdas,learned_gate,20,7,97,13,1965.9899999999998,437.99999999999994,0.35,0.13402061855670103,0.22278851876154,0.38291605301914583,0.13402061855670103,1
Basdas,pilot_1_14_15_16_hol,46,12,330,69,8309.58,1880.36,0.2608695652173913,0.20909090909090908,0.22628821191925463,0.8015151515151515,0.05154639175257732,2
Basdas,pooled_dom_top4,46,5,330,58,8309.58,1598.45,0.10869565217391304,0.17575757575757575,0.19236230952707598,1.616969696969697,0.0,2
Basdas,spec_1_15_end_hol,46,10,330,56,8309.58,1443.36,0.21739130434782608,0.1696969696969697,0.17369830966186015,0.7806060606060606,0.05154639175257732,2
Basdas,store_best,46,9,330,125,8309.58,3040.72,0.1956521739130435,0.3787878787878788,0.365929445290857,1.936026936026936,0.27467811158798283,2
Baskent,1st_only,61,2,48,0,668.8,0.0,0.03278688524590164,0.0,0.0,0.0,0.0,2
Baskent,dom_top2,61,4,48,0,668.8,0.0,0.06557377049180328,0.0,0.0,0.0,0.0,2
Baskent,dom_top2+dow_top1,61,13,48,0,668.8,0.0,0.21311475409836064,0.0,0.0,0.0,0.0,2
Baskent,dom_top4,61,8,48,0,668.8,0.0,0.13114754098360656,0.0,0.0,0.0,0.0,2
Baskent,dom_top4_shrunk,61,8,48,0,668.8,0.0,0.13114754098360656,0.0,0.0,0.0,0.0,2
Baskent,dom_top6,61,12,48,0,668.8,0.0,0.19672131147540983,0.0,0.0,0.0,0.0,2
Baskent,dow_top1,61,9,48,0,668.8,0.0,0.14754098360655737,0.0,0.0,0.0,0.0,2
Baskent,dow_top2,61,17,48,1,668.8,7.5,0.2786885245901639,0.020833333333333332,0.011214114832535886,0.07475490196078431,0.0,2
Baskent,every_day,61,61,48,48,668.8,668.8,1.0,1.0,1.0,1.0,1.0,2
Baskent,learned_gate,31,4,43,0,463.3,0.0,0.12903225806451613,0.0,0.0,0.0,0.0,1
Baskent,pilot_1_14_15_16_hol,61,15,48,0,668.8,0.0,0.2459016393442623,0.0,0.0,0.0,0.0,2
Baskent,pooled_dom_top4,61,8,48,0,668.8,0.0,0.13114754098360656,0.0,0.0,0.0,0.0,2
Baskent,spec_1_15_end_hol,61,13,48,4,668.8,198.0,0.21311475409836064,0.08333333333333333,0.2960526315789474,0.391025641025641,0.0,2
Baskent,store_best,61,6,48,0,668.8,0.0,0.09836065573770492,0.0,0.0,0.0,0.0,2
Cagri,1st_only,6,1,763,493,22800.659999999996,16398.87,0.16666666666666666,0.6461336828309305,0.7192278644565553,3.876802096985583,0.6461336828309305,1
Cagri,dom_top2,6,2,763,496,22800.659999999996,16448.87,0.3333333333333333,0.6500655307994757,0.721420783433462,1.9501965923984272,0.6500655307994757,1
Cagri,dom_top2+dow_top1,6,3,763,538,22800.659999999996,17207.469999999998,0.5,0.7051114023591087,0.7546917501510921,1.4102228047182175,0.7051114023591087,1
Cagri,dom_top4,6,2,763,496,22800.659999999996,16448.87,0.3333333333333333,0.6500655307994757,0.721420783433462,1.9501965923984272,0.6500655307994757,1
Cagri,dom_top4_shrunk,6,3,763,538,22800.659999999996,17207.469999999998,0.5,0.7051114023591087,0.7546917501510921,1.4102228047182175,0.7051114023591087,1
Cagri,dom_top6,6,4,763,568,22800.659999999996,18671.519999999997,0.6666666666666666,0.744429882044561,0.8189026107139004,1.1166448230668415,0.744429882044561,1
Cagri,dow_top1,6,1,763,42,22800.659999999996,758.6,0.16666666666666666,0.05504587155963303,0.03327096671763011,0.3302752293577982,0.05504587155963303,1
Cagri,dow_top2,6,2,763,203,22800.659999999996,3399.74,0.3333333333333333,0.26605504587155965,0.1491070872509831,0.798165137614679,0.26605504587155965,1
Cagri,every_day,6,6,763,763,22800.659999999996,22800.659999999996,1.0,1.0,1.0,1.0,1.0,1
Cagri,pilot_1_14_15_16_hol,6,1,763,493,22800.659999999996,16398.87,0.16666666666666666,0.6461336828309305,0.7192278644565553,3.876802096985583,0.6461336828309305,1
Cagri,pooled_dom_top4,6,2,763,523,22800.659999999996,17862.92,0.3333333333333333,0.6854521625163827,0.7834387250193635,2.0563564875491482,0.6854521625163827,1
Cagri,spec_1_15_end_hol,6,1,763,493,22800.659999999996,16398.87,0.16666666666666666,0.6461336828309305,0.7192278644565553,3.876802096985583,0.6461336828309305,1
Cagri,store_best,6,1,763,493,22800.659999999996,16398.87,0.16666666666666666,0.6461336828309305,0.7192278644565553,3.876802096985583,0.6461336828309305,1
CarrefourSA,1st_only,44,2,7300,656,1766852.3200000003,266398.76,0.045454545454545456,0.08986301369863013,0.15077590638701482,1.9769863013698628,0.04139715394566624,2
CarrefourSA,dom_top2,44,1,7300,605,1766852.3200000003,37003.409999999996,0.022727272727272728,0.08287671232876713,0.02094312556920433,3.6465753424657534,0.0,2
CarrefourSA,dom_top2+dow_top1,44,7,7300,1081,1766852.3200000003,150115.48,0.1590909090909091,0.1480821917808219,0.08496209802073328,0.9308023483365949,0.07141009055627426,2
CarrefourSA,dom_top4,44,5,7300,1032,1766852.3200000003,241920.31000000003,0.11363636363636363,0.14136986301369864,0.13692163587277062,1.244054794520548,0.058990944372574385,2
CarrefourSA,dom_top4_shrunk,44,5,7300,1037,1766852.3200000003,255053.37000000002,0.11363636363636363,0.14205479452054795,0.14435466230703423,1.250082191780822,0.058990944372574385,2
CarrefourSA,dom_top6,44,9,7300,1437,1766852.3200000003,289925.70000000007,0.20454545454545456,0.19684931506849315,0.16409164292802922,0.9623744292237443,0.14747736093143596,2
CarrefourSA,dow_top1,44,7,7300,1081,1766852.3200000003,150115.48,0.1590909090909091,0.1480821917808219,0.08496209802073328,0.9308023483365949,0.07141009055627426,2
CarrefourSA,dow_top2,44,12,7300,2136,1766852.3200000003,376115.57,0.2727272727272727,0.2926027397260274,0.21287323549486012,1.0728767123287672,0.2526928675400291,2
CarrefourSA,every_day,44,44,7300,7300,1766852.3200000003,1766852.3200000003,1.0,1.0,1.0,1.0,1.0,2
CarrefourSA,learned_gate,18,2,3865,228,872833.8200000001,146953.15000000002,0.1111111111111111,0.058990944372574385,0.1683632630092175,0.5309184993531695,0.058990944372574385,1
CarrefourSA,pilot_1_14_15_16_hol,44,9,7300,1416,1766852.3200000003,383885.02,0.20454545454545456,0.19397260273972602,0.2172705752793193,0.948310502283105,0.14439592430858805,2
CarrefourSA,pooled_dom_top4,44,7,7300,964,1766852.3200000003,297634.6,0.1590909090909091,0.13205479452054794,0.16845471272890533,0.8300587084148728,0.11979301423027167,2
CarrefourSA,spec_1_15_end_hol,44,6,7300,1168,1766852.3200000003,367843.87,0.13636363636363635,0.16,0.20819163312981356,1.1733333333333333,0.14468704512372635,2
CarrefourSA,store_best,44,5,7300,496,1766852.3200000003,126463.25,0.11363636363636363,0.06794520547945206,0.07157545006364764,0.5979178082191781,0.0,2
Gurmar,1st_only,73,2,2596,555,89073.23,23725.719999999998,0.0273972602739726,0.2137904468412943,0.2663619585817198,7.803351309707242,0.0,3
Gurmar,dom_top2,73,4,2596,633,89073.23,24763.269999999997,0.0547945205479452,0.2438366718027735,0.2780102394400652,4.450019260400617,0.0,3
Gurmar,dom_top2+dow_top1,73,14,2596,661,89073.23,24962.769999999997,0.1917808219178082,0.2546224961479199,0.28024996960366205,1.327674444199868,0.012944983818770227,3
Gurmar,dom_top4,73,8,2596,809,89073.23,32683.879999999997,0.1095890410958904,0.31163328197226503,0.36693269122496175,2.8436536979969187,0.0,3
Gurmar,dom_top4_shrunk,73,9,2596,722,89073.23,31226.799999999996,0.1232876712328767,0.2781201848998459,0.35057446552684796,2.255863721965417,0.009708737864077669,3
Gurmar,dom_top6,73,12,2596,899,89073.23,34156.28,0.1643835616438356,0.3463020030816641,0.3834629102368916,2.10667051874679,0.0,3
Gurmar,dow_top1,73,10,2596,28,89073.23,199.5,0.136986301369863,0.01078582434514638,0.002239730163596852,0.07873651771956858,0.00992063492063492,3
Gurmar,dow_top2,73,21,2596,801,89073.23,24384.16,0.2876712328767123,0.30855161787365176,0.2737540785261745,1.0725841954655515,0.08090614886731391,3
Gurmar,every_day,73,73,2596,2596,89073.23,89073.23,1.0,1.0,1.0,1.0,1.0,3
Gurmar,learned_gate,44,12,1317,321,50103.82,13140.5,0.2727272727272727,0.2437357630979499,0.2622654320568771,0.8936977980258164,0.21825396825396826,2
Gurmar,pilot_1_14_15_16_hol,73,10,2596,1062,89073.23,41137.24,0.136986301369863,0.4090909090909091,0.4618361768176589,2.9863636363636368,0.003236245954692557,3
Gurmar,pooled_dom_top4,73,9,2596,658,89073.23,26781.409999999996,0.1232876712328767,0.25346687211093993,0.3006673273215757,2.055897962677624,0.009708737864077669,3
Gurmar,spec_1_15_end_hol,73,8,2596,789,89073.23,31576.429999999997,0.1095890410958904,0.3039291217257319,0.3544996628055365,2.7733532357473036,0.032362459546925564,3
Gurmar,store_best,73,10,2596,1062,89073.23,41137.24,0.136986301369863,0.4090909090909091,0.4618361768176589,2.9863636363636368,0.003236245954692557,3
Hapeloglu,1st_only,94,4,4780,208,93465.65,4387.7,0.0425531914893617,0.04351464435146443,0.046944519189670214,1.0225941422594143,0.0,5
Hapeloglu,dom_top2,94,8,4780,358,93465.65,5851.3,0.0851063829787234,0.07489539748953974,0.06260374800795801,0.880020920502092,0.018629807692307692,5
Hapeloglu,dom_top2+dow_top1,94,21,4780,1080,93465.65,22198.4,0.22340425531914893,0.22594142259414227,0.23750329666567346,1.0113568439928273,0.15228966986155484,5
Hapeloglu,dom_top4,94,14,4780,658,93465.65,12145.7,0.14893617021276595,0.13765690376569037,0.12994827511497542,0.9242677824267782,0.030048076923076924,5
Hapeloglu,dom_top4_shrunk,94,13,4780,726,93465.65,14148.2,0.13829787234042554,0.15188284518828452,0.15137325851796893,1.0982298036691343,0.018867924528301886,5
Hapeloglu,dom_top6,94,21,4780,1074,93465.65,20072.45,0.22340425531914893,0.22468619246861923,0.21475750716974634,1.0057381948595339,0.07091346153846154,5
Hapeloglu,dow_top1,94,14,4780,806,93465.65,17003.1,0.14893617021276595,0.1686192468619247,0.1819181699372978,1.1321578003586372,0.09371671991480299,5
Hapeloglu,dow_top2,94,28,4780,1621,93465.65,30387.100000000002,0.2978723404255319,0.3391213389121339,0.32511516262926543,1.1384787806335925,0.23961661341853036,5
Hapeloglu,every_day,94,94,4780,4780,93465.65,93465.65,1.0,1.0,1.0,1.0,1.0,5
Hapeloglu,learned_gate,64,9,3324,552,66053.7,10240.099999999999,0.140625,0.16606498194945848,0.15502689478409232,1.1809065383072603,0.09735576923076923,4
Hapeloglu,pilot_1_14_15_16_hol,94,21,4780,1006,93465.65,22445.2,0.22340425531914893,0.21046025104602512,0.24014383893976024,0.9420601713488743,0.018867924528301886,5
Hapeloglu,pooled_dom_top4,94,13,4780,689,93465.65,14401.55,0.13829787234042554,0.14414225941422595,0.15408388001367349,1.0422594142259414,0.018867924528301886,5
Hapeloglu,spec_1_15_end_hol,94,19,4780,893,93465.65,21470.2,0.20212765957446807,0.18682008368200836,0.22971219908062482,0.9242677824267783,0.08254716981132075,5
Hapeloglu,store_best,94,26,4780,1244,93465.65,28268.45,0.2765957446808511,0.2602510460251046,0.3024474766933093,0.9409076279369167,0.20741758241758243,5
Kale,1st_only,79,3,2423,140,43700.066,1405.34,0.0379746835443038,0.05777961205117623,0.03215876149935334,1.5215297840143074,0.0,5
Kale,dom_top2,79,7,2423,76,43700.066,1115.3000000000002,0.08860759493670886,0.031366075113495664,0.025521700585074636,0.3539885619951654,0.0,5
Kale,dom_top2+dow_top1,79,18,2423,720,43700.066,12537.965,0.22784810126582278,0.2971522905489063,0.28690952091468236,1.3041683862979776,0.18992248062015504,5
Kale,dom_top4,79,14,2423,412,43700.066,7587.535,0.17721518987341772,0.17003714403631862,0.17362754097442323,0.9594953127763693,0.0,5
Kale,dom_top4_shrunk,79,15,2423,346,43700.066,5894.98,0.189873417721519,0.14279818406933553,0.13489636377208217,0.7520704360985004,0.015503875968992248,5
Kale,dom_top6,79,19,2423,561,43700.066,10872.09,0.24050632911392406,0.23153115971935617,0.24878886910605583,0.9626821904120598,0.07179487179487179,5
Kale,dow_top1,79,11,2423,644,43700.066,11422.664999999999,0.13924050632911392,0.26578621543541064,0.2613878203296077,1.9088282744906766,0.18992248062015504,5
Kale,dow_top2,79,24,2423,1138,43700.066,20548.605,0.3037974683544304,0.4696657036731325,0.4702190838796445,1.5459829412573944,0.32051282051282054,5
Kale,every_day,79,79,2423,2423,43700.066,43700.066,1.0,1.0,1.0,1.0,1.0,5
Kale,learned_gate,52,6,1651,246,29605.135000000002,4248.7,0.11538461538461539,0.14900060569351908,0.1435122656930968,1.2913385826771653,0.0,4
Kale,pilot_1_14_15_16_hol,79,10,2423,440,43700.066,6094.09,0.12658227848101267,0.18159306644655385,0.13945264979691335,1.4345852249277753,0.0,5
Kale,pooled_dom_top4,79,11,2423,467,43700.066,6953.219999999999,0.13924050632911392,0.19273627734213786,0.15911234550538206,1.3841969009117174,0.0,5
Kale,spec_1_15_end_hol,79,11,2423,398,43700.066,4600.6900000000005,0.13924050632911392,0.164259182831201,0.105278788366132,1.1796795857877163,0.06748466257668712,5
Kale,store_best,79,20,2423,953,43700.066,16640.73,0.25316455696202533,0.3933140734626496,0.3807941617296413,1.5535905901774658,0.266839378238342,5
Kim,1st_only,80,3,2929,560,74019.8,13830.25,0.0375,0.1911915329463981,0.18684527653411653,5.098440878570616,0.0,5
Kim,dom_top2,80,6,2929,625,74019.8,14451.32,0.075,0.21338340730624786,0.19523586932145182,2.845112097416638,0.0,5
Kim,dom_top2+dow_top1,80,17,2929,859,74019.8,20946.14,0.2125,0.29327415500170706,0.28298022961423835,1.3801136705962687,0.08806818181818182,5
Kim,dom_top4,80,10,2929,689,74019.8,16092.119999999999,0.125,0.23523386821440764,0.21740291111297244,1.8818709457152611,0.0014204545454545455,5
Kim,dom_top4_shrunk,80,11,2929,701,74019.8,15970.18,0.1375,0.2393308296346876,0.21575551406515553,1.740587851888637,0.009943181818181818,5
Kim,dom_top6,80,15,2929,864,74019.8,21005.260000000002,0.1875,0.29498122226015705,0.28377893482554667,1.5732331853875043,0.09049773755656108,5
Kim,dow_top1,80,11,2929,234,74019.8,6494.82,0.1375,0.0798907476954592,0.08774436029278651,0.5810236196033396,0.009819967266775777,5
Kim,dow_top2,80,22,2929,663,74019.8,20850.38,0.275,0.22635711847046774,0.2816865217144602,0.8231167944380644,0.06097560975609756,5
Kim,every_day,80,80,2929,2929,74019.8,74019.8,1.0,1.0,1.0,1.0,1.0,5
Kim,learned_gate,50,4,2085,311,54843.380000000005,6172.26,0.08,0.14916067146282974,0.1125433917457312,1.8645083932853717,0.0,4
Kim,pilot_1_14_15_16_hol,80,14,2929,922,74019.8,19115.7,0.175,0.31478320245817687,0.25825117063272257,1.798761156903868,0.029411764705882353,5
Kim,pooled_dom_top4,80,10,2929,666,74019.8,15400.84,0.125,0.22738135882553773,0.20806378833771505,1.8190508706043018,0.00904977375565611,5
Kim,spec_1_15_end_hol,80,12,2929,864,74019.8,19796.18,0.15,0.29498122226015705,0.26744438650199,1.9665414817343805,0.06787330316742081,5
Kim,store_best,80,14,2929,922,74019.8,19115.7,0.175,0.31478320245817687,0.25825117063272257,1.798761156903868,0.029411764705882353,5
Macrocenter,1st_only,61,3,6106,678,907676.5999999999,60417.21,0.04918032786885246,0.11103832296102195,0.0665624849202899,2.25777923354078,0.0,5
Macrocenter,dom_top2,61,3,6106,347,907676.5999999999,26638.78,0.04918032786885246,0.05682934818211595,0.029348316349677852,1.1555300797030243,0.0,5
Macrocenter,dom_top2+dow_top1,61,12,6106,1666,907676.5999999999,185150.06,0.19672131147540983,0.2728463806092368,0.20398240959390165,1.3869691014302872,0.04984423676012461,5
Macrocenter,dom_top4,61,8,6106,716,907676.5999999999,75370.4,0.13114754098360656,0.1172617097936456,0.08303662339648285,0.8941205371765476,0.017543859649122806,5
Macrocenter,dom_top4_shrunk,61,10,6106,965,907676.5999999999,81064.66,0.16393442622950818,0.15804127088110057,0.08931006924713054,0.9640517523747135,0.044660982541615914,5
Macrocenter,dom_top6,61,11,6106,802,907676.5999999999,83412.43,0.18032786885245902,0.13134621683589912,0.09189664027914789,0.728374475180895,0.017543859649122806,5
Macrocenter,dow_top1,61,10,6106,1561,907676.5999999999,179621.64,0.16393442622950818,0.2556501801506715,0.19789167198978141,1.559466098919096,0.0,5
Macrocenter,dow_top2,61,18,6106,3059,907676.5999999999,542673.1799999999,0.29508196721311475,0.5009826400262037,0.5978706292527537,1.6977745023110238,0.3904465212876428,5
Macrocenter,every_day,61,61,6106,6106,907676.5999999999,907676.5999999999,1.0,1.0,1.0,1.0,1.0,5
Macrocenter,learned_gate,35,4,3903,494,669965.8899999999,116528.40999999999,0.11428571428571428,0.12656930566231103,0.17393185494861538,1.1074814245452216,0.0,3
Macrocenter,pilot_1_14_15_16_hol,61,12,6106,1289,907676.5999999999,121971.82,0.19672131147540983,0.2111038322961022,0.13437805932200966,1.0731111475051862,0.06333739342265529,5
Macrocenter,pooled_dom_top4,61,9,6106,1000,907676.5999999999,85477.06,0.14754098360655737,0.16377333770062233,0.0941712720147242,1.1100192888597735,0.0,5
Macrocenter,spec_1_15_end_hol,61,10,6106,1119,907676.5999999999,103560.45999999999,0.16393442622950818,0.1832623648869964,0.1140940066098432,1.1179004258106782,0.0,5
Macrocenter,store_best,61,17,6106,2937,907676.5999999999,520737.21,0.2786885245901639,0.4810022928267278,0.5737034644277489,1.7259494036723764,0.317741935483871,5
Marketzade,1st_only,106,5,4898,63,70165.90000000001,2023.0,0.04716981132075472,0.012862392813393221,0.02883166894460129,0.27268272764393625,0.0,6
Marketzade,dom_top2,106,7,4898,1,70165.90000000001,124.5,0.0660377358490566,0.0002041649652919559,0.0017743661807231145,0.003091640902992475,0.0,6
Marketzade,dom_top2+dow_top1,106,22,4898,66,70165.90000000001,1086.0,0.20754716981132076,0.01347488770926909,0.015477603793295602,0.06492445896284198,0.0,6
Marketzade,dom_top4,106,15,4898,212,70165.90000000001,7120.5,0.14150943396226415,0.04328297264189465,0.10148091879388704,0.3058663400027222,0.0,6
Marketzade,dom_top4_shrunk,106,15,4898,212,70165.90000000001,7120.5,0.14150943396226415,0.04328297264189465,0.10148091879388704,0.3058663400027222,0.0,6
Marketzade,dom_top6,106,23,4898,354,70165.90000000001,9581.05,0.2169811320754717,0.0722743977133524,0.13654852285796945,0.3330907025050154,0.0,6
Marketzade,dow_top1,106,15,4898,65,70165.90000000001,961.5,0.14150943396226415,0.013270722743977134,0.013703237612572488,0.09377977405743841,0.0,6
Marketzade,dow_top2,106,30,4898,169,70165.90000000001,4582.0,0.2830188679245283,0.03450387913434055,0.06530237622548844,0.12191370627466994,0.0,6
Marketzade,every_day,106,106,4898,4898,70165.90000000001,70165.90000000001,1.0,1.0,1.0,1.0,1.0,6
Marketzade,learned_gate,76,19,3938,288,40892.200000000004,6717.5,0.25,0.07313357034027425,0.16427338220981016,0.292534281361097,0.0,5
Marketzade,pilot_1_14_15_16_hol,106,22,4898,64,70165.90000000001,2823.0,0.20754716981132076,0.013066557778685178,0.04023321870025183,0.06295705111548312,0.0,6
Marketzade,pooled_dom_top4,106,15,4898,441,70165.90000000001,10477.5,0.14150943396226415,0.09003674969375255,0.1493246719560356,0.6362596978358515,0.0,6
Marketzade,spec_1_15_end_hol,106,20,4898,64,70165.90000000001,2027.0,0.18867924528301888,0.013066557778685178,0.028888676693379543,0.06925275622703143,0.0,6
Marketzade,store_best,106,9,4898,64,70165.90000000001,2823.0,0.08490566037735849,0.013066557778685178,0.04023321870025183,0.15389501383784768,0.0,6
Migros,1st_only,91,4,8731,429,827280.1799999999,130415.87000000001,0.04395604395604396,0.04913526514717673,0.157644136959742,1.1178272820982704,0.0,5
Migros,dom_top2,91,6,8731,216,827280.1799999999,12465.48,0.06593406593406594,0.02473943419997709,0.015068026892654433,0.3752147520329859,0.0,5
Migros,dom_top2+dow_top1,91,20,8731,3692,827280.1799999999,367373.77,0.21978021978021978,0.4228610697514603,0.4440741829448882,1.9240178673691444,0.17010140660778542,5
Migros,dom_top4,91,11,8731,363,827280.1799999999,19384.83,0.12087912087912088,0.04157599358607261,0.023432000993907534,0.34394685603023706,0.0,5
Migros,dom_top4_shrunk,91,12,8731,602,827280.1799999999,104521.17,0.13186813186813187,0.0689497193906769,0.1263431332296635,0.5228687053792999,0.0,5
Migros,dom_top6,91,16,8731,746,827280.1799999999,147072.0,0.17582417582417584,0.08544267552399495,0.17777773909680758,0.48595521704272127,0.0,5
Migros,dow_top1,91,14,8731,3476,827280.1799999999,354908.29000000004,0.15384615384615385,0.3981216355514832,0.4290061560522338,2.5877906310846406,0.14589466797513903,5
Migros,dow_top2,91,27,8731,4376,827280.1799999999,397033.54,0.2967032967032967,0.5012026113847211,0.47992632919115746,1.6892384309633193,0.26071311743539416,5
Migros,every_day,91,91,8731,8731,827280.1799999999,827280.1799999999,1.0,1.0,1.0,1.0,1.0,5
Migros,learned_gate,61,9,4961,879,377241.93,41745.68,0.14754098360655737,0.17718201975408185,0.1106602333415058,1.2009003561109992,0.06867356538099718,4
Migros,pilot_1_14_15_16_hol,91,17,8731,1812,827280.1799999999,290208.15,0.18681318681318682,0.20753636467758563,0.35079790017452134,1.1109299520976643,0.031044214487300093,5
Migros,pooled_dom_top4,91,14,8731,1229,827280.1799999999,242179.12,0.15384615384615385,0.14076279922116597,0.2927413539630552,0.9149581949375788,0.058823529411764705,5
Migros,spec_1_15_end_hol,91,14,8731,1962,827280.1799999999,345583.54,0.15384615384615385,0.2247165273164586,0.41773458177131717,1.4606574275569808,0.03951081843838194,5
Migros,store_best,91,14,8731,2569,827280.1799999999,230820.72,0.15384615384615385,0.29423891879509795,0.2790115435861162,1.9125529721681365,0.14589466797513903,5
Mopas,1st_only,6,1,403,41,14964.01,1507.24,0.16666666666666666,0.10173697270471464,0.10072433792813557,0.6104218362282879,0.10173697270471464,1
Mopas,dom_top2,6,1,403,41,14964.01,1507.24,0.16666666666666666,0.10173697270471464,0.10072433792813557,0.6104218362282879,0.10173697270471464,1
Mopas,dom_top2+dow_top1,6,2,403,90,14964.01,2168.83,0.3333333333333333,0.22332506203473945,0.14493641744425456,0.6699751861042184,0.22332506203473945,1
Mopas,dom_top4,6,1,403,41,14964.01,1507.24,0.16666666666666666,0.10173697270471464,0.10072433792813557,0.6104218362282879,0.10173697270471464,1
Mopas,dom_top4_shrunk,6,3,403,354,14964.01,14284.41,0.5,0.8784119106699751,0.9545843660890363,1.7568238213399503,0.8784119106699751,1
Mopas,dom_top6,6,2,403,90,14964.01,2168.83,0.3333333333333333,0.22332506203473945,0.14493641744425456,0.6699751861042184,0.22332506203473945,1
Mopas,dow_top1,6,1,403,49,14964.01,661.5900000000001,0.16666666666666666,0.12158808933002481,0.04421207951611902,0.7295285359801489,0.12158808933002481,1
Mopas,dow_top2,6,2,403,49,14964.01,661.5900000000001,0.3333333333333333,0.12158808933002481,0.04421207951611902,0.36476426799007444,0.12158808933002481,1
Mopas,every_day,6,6,403,403,14964.01,14964.01,1.0,1.0,1.0,1.0,1.0,1
Mopas,pilot_1_14_15_16_hol,6,1,403,41,14964.01,1507.24,0.16666666666666666,0.10173697270471464,0.10072433792813557,0.6104218362282879,0.10173697270471464,1
Mopas,pooled_dom_top4,6,2,403,90,14964.01,2168.83,0.3333333333333333,0.22332506203473945,0.14493641744425456,0.6699751861042184,0.22332506203473945,1
Mopas,spec_1_15_end_hol,6,1,403,41,14964.01,1507.24,0.16666666666666666,0.10173697270471464,0.10072433792813557,0.6104218362282879,0.10173697270471464,1
Mopas,store_best,6,1,403,41,14964.01,1507.24,0.16666666666666666,0.10173697270471464,0.10072433792813557,0.6104218362282879,0.10173697270471464,1
Tarım Kredi Kooperatif,1st_only,15,2,551,25,14015.77,188.7,0.13333333333333333,0.045372050816696916,0.013463405863538,0.34029038112522686,0.007444168734491315,2
Tarım Kredi Kooperatif,dom_top2,15,1,551,8,14015.77,291.9,0.06666666666666667,0.014519056261343012,0.020826540389860846,0.2177858439201452,0.0,2
Tarım Kredi Kooperatif,dom_top2+dow_top1,15,3,551,193,14015.77,3419.0,0.2,0.3502722323049002,0.24393950528583158,1.7513611615245008,0.0,2
Tarım Kredi Kooperatif,dom_top4,15,4,551,105,14015.77,5132.200000000001,0.26666666666666666,0.19056261343012704,0.3661732462790129,0.7146098003629764,0.03970223325062035,2
Tarım Kredi Kooperatif,dom_top4_shrunk,15,5,551,156,14015.77,5892.700000000001,0.3333333333333333,0.2831215970961887,0.42043355448897923,0.8493647912885662,0.11166253101736973,2
Tarım Kredi Kooperatif,dom_top6,15,5,551,142,14015.77,5891.700000000001,0.3333333333333333,0.2577132486388385,0.4203622062862048,0.7731397459165155,0.1315136476426799,2
Tarım Kredi Kooperatif,dow_top1,15,2,551,185,14015.77,3127.1,0.13333333333333333,0.33575317604355714,0.22311296489597074,2.5181488203266786,0.0,2
Tarım Kredi Kooperatif,dow_top2,15,4,551,188,14015.77,3153.6,0.26666666666666666,0.3411978221415608,0.22500369226949357,1.2794918330308531,0.0,2
Tarım Kredi Kooperatif,every_day,15,15,551,551,14015.77,14015.77,1.0,1.0,1.0,1.0,1.0,2
Tarım Kredi Kooperatif,pilot_1_14_15_16_hol,15,2,551,25,14015.77,188.7,0.13333333333333333,0.045372050816696916,0.013463405863538,0.34029038112522686,0.007444168734491315,2
Tarım Kredi Kooperatif,pooled_dom_top4,15,3,551,25,14015.77,188.7,0.2,0.045372050816696916,0.013463405863538,0.22686025408348456,0.007444168734491315,2
Tarım Kredi Kooperatif,spec_1_15_end_hol,15,3,551,68,14015.77,696.45,0.2,0.12341197822141561,0.049690455822263065,0.617059891107078,0.1141439205955335,2
Tarım Kredi Kooperatif,store_best,15,1,551,3,14015.77,26.500000000000007,0.06666666666666667,0.0054446460980036296,0.0018907273735228251,0.08166969147005444,0.0,2
sehzade,1st_only,14,1,1183,45,36231.731,986.3499999999999,0.07142857142857142,0.03803888419273035,0.02722337500242536,0.5325443786982249,0.0,2
sehzade,dom_top2,14,1,1183,381,36231.731,6168.005999999999,0.07142857142857142,0.3220625528317836,0.17023768475207546,4.508875739644971,0.0,2
sehzade,dom_top2+dow_top1,14,3,1183,668,36231.731,14859.386999999999,0.21428571428571427,0.5646661031276415,0.41012081371436543,2.635108481262327,0.4013986013986014,2
sehzade,dom_top4,14,2,1183,391,36231.731,6967.856,0.14285714285714285,0.3305156382079459,0.1923136380097324,2.3136094674556213,0.0,2
sehzade,dom_top4_shrunk,14,3,1183,428,36231.731,8138.732999999999,0.21428571428571427,0.3617920540997464,0.22462997972688634,1.68836291913215,0.025174825174825177,2
sehzade,dom_top6,14,2,1183,391,36231.731,6967.856,0.14285714285714285,0.3305156382079459,0.1923136380097324,2.3136094674556213,0.0,2
sehzade,dow_top1,14,2,1183,287,36231.731,8691.381,0.14285714285714285,0.24260355029585798,0.23988312896228997,1.698224852071006,0.0,2
sehzade,dow_top2,14,3,1183,289,36231.731,8812.381,0.21428571428571427,0.24429416737109044,0.24322274307015582,1.1400394477317555,0.004273504273504274,2
sehzade,every_day,14,14,1183,1183,36231.731,36231.731,1.0,1.0,1.0,1.0,1.0,2
sehzade,pilot_1_14_15_16_hol,14,1,1183,45,36231.731,986.3499999999999,0.07142857142857142,0.03803888419273035,0.02722337500242536,0.5325443786982249,0.0,2
sehzade,pooled_dom_top4,14,2,1183,74,36231.731,1305.6,0.14285714285714285,0.06255283178360102,0.03603471222503832,0.43786982248520717,0.0,2
sehzade,spec_1_15_end_hol,14,2,1183,94,36231.731,1754.4499999999998,0.14285714285714285,0.07945900253592561,0.04842302455822494,0.5562130177514794,0.06853146853146853,2
sehzade,store_best,14,1,1183,381,36231.731,6168.005999999999,0.07142857142857142,0.3220625528317836,0.17023768475207546,4.508875739644971,0.0,2
