store,origin,method,days,sel_days,changes,sel_changes,err,sel_err,picked
Arden,2026-04,every_day,20,20,938,938,14808.929999999998,14808.929999999998,
Arden,2026-04,pilot_1_14_15_16_hol,20,5,938,139,14808.929999999998,2028.89,
Arden,2026-04,spec_1_15_end_hol,20,4,938,53,14808.929999999998,1092.49,
Arden,2026-04,1st_only,20,1,938,23,14808.929999999998,298.00000000000006,
Arden,2026-04,dom_top2,20,0,938,0,14808.929999999998,0.0,
Arden,2026-04,dom_top4,20,1,938,112,14808.929999999998,1226.8999999999999,
Arden,2026-04,dom_top6,20,3,938,140,14808.929999999998,1512.8899999999999,
Arden,2026-04,dom_top4_shrunk,20,1,938,3,14808.929999999998,27.539999999999992,
Arden,2026-04,pooled_dom_top4,20,2,938,26,14808.929999999998,325.5400000000001,
Arden,2026-04,dow_top1,20,3,938,209,14808.929999999998,2863.09,
Arden,2026-04,dow_top2,20,5,938,409,14808.929999999998,5198.74,
Arden,2026-04,dom_top2+dow_top1,20,3,938,209,14808.929999999998,2863.09,
Basdas,2026-04,every_day,26,26,233,233,6343.59,6343.59,
Basdas,2026-04,pilot_1_14_15_16_hol,26,5,233,64,6343.59,1815.36,
Basdas,2026-04,spec_1_15_end_hol,26,3,233,51,6343.59,1378.36,
Basdas,2026-04,1st_only,26,1,233,10,6343.59,210.23999999999995,
Basdas,2026-04,dom_top2,26,1,233,4,6343.59,240.0,
Basdas,2026-04,dom_top4,26,3,233,50,6343.59,1563.21,
Basdas,2026-04,dom_top6,26,4,233,98,6343.59,3214.66,
Basdas,2026-04,dom_top4_shrunk,26,3,233,54,6343.59,1608.45,
Basdas,2026-04,pooled_dom_top4,26,4,233,58,6343.59,1598.45,
Basdas,2026-04,dow_top1,26,5,233,18,6343.59,375.1099999999999,
Basdas,2026-04,dow_top2,26,9,233,70,6343.59,1685.62,
Basdas,2026-04,dom_top2+dow_top1,26,6,233,22,6343.59,615.1099999999999,
Baskent,2026-04,every_day,30,30,5,5,205.5,205.5,
Baskent,2026-04,pilot_1_14_15_16_hol,30,5,5,0,205.5,0.0,
Baskent,2026-04,spec_1_15_end_hol,30,4,5,4,205.5,198.0,
Baskent,2026-04,1st_only,30,1,5,0,205.5,0.0,
Baskent,2026-04,dom_top2,30,2,5,0,205.5,0.0,
Baskent,2026-04,dom_top4,30,4,5,0,205.5,0.0,
Baskent,2026-04,dom_top6,30,6,5,0,205.5,0.0,
Baskent,2026-04,dom_top4_shrunk,30,4,5,0,205.5,0.0,
Baskent,2026-04,pooled_dom_top4,30,4,5,0,205.5,0.0,
Baskent,2026-04,dow_top1,30,4,5,0,205.5,0.0,
Baskent,2026-04,dow_top2,30,8,5,1,205.5,7.5,
Baskent,2026-04,dom_top2+dow_top1,30,6,5,0,205.5,0.0,
CarrefourSA,2026-04,every_day,26,26,3435,3435,894018.5000000001,894018.5000000001,
CarrefourSA,2026-04,pilot_1_14_15_16_hol,26,5,3435,496,894018.5000000001,126463.25,
CarrefourSA,2026-04,spec_1_15_end_hol,26,4,3435,497,894018.5000000001,126468.25,
CarrefourSA,2026-04,1st_only,26,1,3435,496,894018.5000000001,126463.25,
CarrefourSA,2026-04,dom_top2,26,1,3435,605,894018.5000000001,37003.409999999996,
CarrefourSA,2026-04,dom_top4,26,3,3435,804,894018.5000000001,94967.16,
CarrefourSA,2026-04,dom_top6,26,5,3435,867,894018.5000000001,103345.57,
CarrefourSA,2026-04,dom_top4_shrunk,26,3,3435,809,894018.5000000001,108100.22,
CarrefourSA,2026-04,pooled_dom_top4,26,4,3435,501,894018.5000000001,139596.31,
CarrefourSA,2026-04,dow_top1,26,5,3435,805,894018.5000000001,94972.16,
CarrefourSA,2026-04,dow_top2,26,8,3435,868,894018.5000000001,103350.56999999999,
CarrefourSA,2026-04,dom_top2+dow_top1,26,5,3435,805,894018.5000000001,94972.16,
Gurmar,2026-04,every_day,29,29,1279,1279,38969.409999999996,38969.409999999996,
Gurmar,2026-04,pilot_1_14_15_16_hol,29,5,1279,354,38969.409999999996,12419.589999999998,
Gurmar,2026-04,spec_1_15_end_hol,29,3,1279,249,38969.409999999996,10398.439999999999,
Gurmar,2026-04,1st_only,29,1,1279,64,38969.409999999996,3499.73,
Gurmar,2026-04,dom_top2,29,2,1279,139,38969.409999999996,4525.28,
Gurmar,2026-04,dom_top4,29,4,1279,186,38969.409999999996,5683.4800000000005,
Gurmar,2026-04,dom_top6,29,6,1279,197,38969.409999999996,5798.4800000000005,
Gurmar,2026-04,dom_top4_shrunk,29,4,1279,91,38969.409999999996,4193.9,
Gurmar,2026-04,pooled_dom_top4,29,4,1279,108,38969.409999999996,4401.0,
Gurmar,2026-04,dow_top1,29,4,1279,14,38969.409999999996,114.99999999999999,
Gurmar,2026-04,dow_top2,29,8,1279,170,38969.409999999996,1853.3,
Gurmar,2026-04,dom_top2+dow_top1,29,6,1279,153,38969.409999999996,4640.28,
Hapeloglu,2026-04,every_day,30,30,1456,1456,27411.95,27411.95,
Hapeloglu,2026-04,pilot_1_14_15_16_hol,30,5,1456,302,27411.95,7240.200000000001,
Hapeloglu,2026-04,spec_1_15_end_hol,30,4,1456,302,27411.95,7376.700000000001,
Hapeloglu,2026-04,1st_only,30,1,1456,65,27411.95,1169.0,
Hapeloglu,2026-04,dom_top2,30,2,1456,86,27411.95,675.8,
Hapeloglu,2026-04,dom_top4,30,4,1456,178,27411.95,2377.85,
Hapeloglu,2026-04,dom_top6,30,6,1456,299,27411.95,5679.5,
Hapeloglu,2026-04,dom_top4_shrunk,30,4,1456,248,27411.95,5836.45,
Hapeloglu,2026-04,pooled_dom_top4,30,4,1456,248,27411.95,5836.45,
Hapeloglu,2026-04,dow_top1,30,5,1456,263,27411.95,4312.8,
Hapeloglu,2026-04,dow_top2,30,9,1456,439,27411.95,7033.950000000001,
Hapeloglu,2026-04,dom_top2+dow_top1,30,6,1456,265,27411.95,4332.6,
Kale,2026-04,every_day,27,27,772,772,14094.930999999999,14094.930999999999,
Kale,2026-04,pilot_1_14_15_16_hol,27,4,772,206,14094.930999999999,3271.95,
Kale,2026-04,spec_1_15_end_hol,27,3,772,79,14094.930999999999,920.8000000000001,
Kale,2026-04,1st_only,27,0,772,0,14094.930999999999,0.0,
Kale,2026-04,dom_top2,27,2,772,13,14094.930999999999,87.0,
Kale,2026-04,dom_top4,27,4,772,107,14094.930999999999,2203.075,
Kale,2026-04,dom_top6,27,6,772,153,14094.930999999999,3252.475,
Kale,2026-04,dom_top4_shrunk,27,4,772,111,14094.930999999999,1270.8000000000002,
Kale,2026-04,pooled_dom_top4,27,3,772,105,14094.930999999999,1342.7,
Kale,2026-04,dow_top1,27,4,772,226,14094.930999999999,3979.8749999999995,
Kale,2026-04,dow_top2,27,8,772,391,14094.930999999999,7179.824999999999,
Kale,2026-04,dom_top2+dow_top1,27,6,772,239,14094.930999999999,4066.8749999999995,
Kim,2026-04,every_day,30,30,844,844,19176.42,19176.42,
Kim,2026-04,pilot_1_14_15_16_hol,30,5,844,273,19176.42,4149.610000000001,
Kim,2026-04,spec_1_15_end_hol,30,4,844,215,19176.42,3920.0600000000004,
Kim,2026-04,1st_only,30,1,844,79,19176.42,1486.72,
Kim,2026-04,dom_top2,30,2,844,99,19176.42,1708.23,
Kim,2026-04,dom_top4,30,4,844,141,19176.42,2605.99,
Kim,2026-04,dom_top6,30,6,844,154,19176.42,2919.9900000000007,
Kim,2026-04,dom_top4_shrunk,30,4,844,139,19176.42,2215.01,
Kim,2026-04,pooled_dom_top4,30,4,844,125,19176.42,1764.26,
Kim,2026-04,dow_top1,30,4,844,65,19176.42,1772.81,
Kim,2026-04,dow_top2,30,8,844,69,19176.42,1842.81,
Kim,2026-04,dom_top2+dow_top1,30,6,844,164,19176.42,3481.04,
Macrocenter,2026-04,every_day,19,19,1240,1240,97864.38999999998,97864.38999999998,
Macrocenter,2026-04,pilot_1_14_15_16_hol,19,5,1240,394,97864.38999999998,28412.28,
Macrocenter,2026-04,spec_1_15_end_hol,19,4,1240,344,97864.38999999998,19337.579999999998,
Macrocenter,2026-04,1st_only,19,1,1240,101,97864.38999999998,5095.629999999999,
Macrocenter,2026-04,dom_top2,19,1,1240,57,97864.38999999998,3699.9700000000003,
Macrocenter,2026-04,dom_top4,19,2,1240,58,97864.38999999998,3714.9700000000003,
Macrocenter,2026-04,dom_top6,19,3,1240,127,97864.38999999998,9742.0,
Macrocenter,2026-04,dom_top4_shrunk,19,3,1240,205,97864.38999999998,14844.580000000002,
Macrocenter,2026-04,pooled_dom_top4,19,3,1240,252,97864.38999999998,17541.81,
Macrocenter,2026-04,dow_top1,19,4,1240,356,97864.38999999998,27376.87,
Macrocenter,2026-04,dow_top2,19,6,1240,516,97864.38999999998,50348.25000000001,
Macrocenter,2026-04,dom_top2+dow_top1,19,5,1240,413,97864.38999999998,31076.84,
Marketzade,2026-04,every_day,30,30,960,960,29273.7,29273.7,
Marketzade,2026-04,pilot_1_14_15_16_hol,30,5,960,1,29273.7,800.0,
Marketzade,2026-04,spec_1_15_end_hol,30,4,960,0,29273.7,0.0,
Marketzade,2026-04,1st_only,30,1,960,0,29273.7,0.0,
Marketzade,2026-04,dom_top2,30,2,960,1,29273.7,124.5,
Marketzade,2026-04,dom_top4,30,4,960,1,29273.7,124.5,
Marketzade,2026-04,dom_top6,30,6,960,1,29273.7,124.5,
Marketzade,2026-04,dom_top4_shrunk,30,4,960,1,29273.7,124.5,
Marketzade,2026-04,pooled_dom_top4,30,4,960,0,29273.7,0.0,
Marketzade,2026-04,dow_top1,30,4,960,0,29273.7,0.0,
Marketzade,2026-04,dow_top2,30,8,960,2,29273.7,710.0,
Marketzade,2026-04,dom_top2+dow_top1,30,6,960,1,29273.7,124.5,
Migros,2026-04,every_day,30,30,3770,3770,450038.24999999994,450038.24999999994,
Migros,2026-04,pilot_1_14_15_16_hol,30,5,3770,952,450038.24999999994,146460.88,
Migros,2026-04,spec_1_15_end_hol,30,4,3770,1119,450038.24999999994,202313.66999999998,
Migros,2026-04,1st_only,30,1,3770,1,450038.24999999994,100.0,
Migros,2026-04,dom_top2,30,2,3770,116,450038.24999999994,9816.5,
Migros,2026-04,dom_top4,30,3,3770,117,450038.24999999994,9916.5,
Migros,2026-04,dom_top6,30,5,3770,117,450038.24999999994,9916.5,
Migros,2026-04,dom_top4_shrunk,30,4,3770,328,450038.24999999994,92237.31,
Migros,2026-04,pooled_dom_top4,30,4,3770,544,450038.24999999994,102095.01999999999,
Migros,2026-04,dow_top1,30,5,3770,1859,450038.24999999994,270548.45,
Migros,2026-04,dow_top2,30,9,3770,2234,450038.24999999994,293858.05,
Migros,2026-04,dom_top2+dow_top1,30,7,3770,1975,450038.24999999994,280364.95,
A101,2026-05,every_day,20,20,1171,1171,37669.63,37669.63,
A101,2026-05,pilot_1_14_15_16_hol,20,5,1171,200,37669.63,7043.58,
A101,2026-05,spec_1_15_end_hol,20,3,1171,11,37669.63,269.5,
A101,2026-05,1st_only,20,1,1171,7,37669.63,243.5,
A101,2026-05,dom_top2,20,2,1171,19,37669.63,416.4,
A101,2026-05,dom_top4,20,3,1171,26,37669.63,721.4,
A101,2026-05,dom_top6,20,5,1171,202,37669.63,11127.85,
A101,2026-05,dom_top4_shrunk,20,4,1171,582,37669.63,20214.45,
A101,2026-05,pooled_dom_top4,20,4,1171,767,37669.63,19791.0,
A101,2026-05,dow_top1,20,3,1171,745,37669.63,26267.13,
A101,2026-05,dow_top2,20,5,1171,929,37669.63,30449.38,
A101,2026-05,dom_top2+dow_top1,20,5,1171,764,37669.63,26683.53,
Arden,2026-05,every_day,24,24,891,891,22528.65,22528.65,
Arden,2026-05,pilot_1_14_15_16_hol,24,6,891,312,22528.65,10252.36,
Arden,2026-05,spec_1_15_end_hol,24,5,891,235,22528.65,8124.36,
Arden,2026-05,1st_only,24,1,891,61,22528.65,797.51,
Arden,2026-05,dom_top2,24,2,891,83,22528.65,1341.75,
Arden,2026-05,dom_top4,24,4,891,85,22528.65,1406.75,
Arden,2026-05,dom_top6,24,5,891,85,22528.65,1406.75,
Arden,2026-05,dom_top4_shrunk,24,3,891,144,22528.65,2139.26,
Arden,2026-05,pooled_dom_top4,24,3,891,107,22528.65,1771.5500000000002,
Arden,2026-05,dow_top1,24,4,891,288,22528.65,6918.0,
Arden,2026-05,dow_top2,24,6,891,419,22528.65,8741.119999999999,
Arden,2026-05,dom_top2+dow_top1,24,6,891,371,22528.65,8259.75,
Basdas,2026-05,every_day,20,20,97,97,1965.9899999999998,1965.9899999999998,
Basdas,2026-05,pilot_1_14_15_16_hol,20,7,97,5,1965.9899999999998,65.0,
Basdas,2026-05,spec_1_15_end_hol,20,7,97,5,1965.9899999999998,65.0,
Basdas,2026-05,1st_only,20,0,97,0,1965.9899999999998,0.0,
Basdas,2026-05,dom_top2,20,2,97,49,1965.9899999999998,792.3599999999999,
Basdas,2026-05,dom_top4,20,4,97,49,1965.9899999999998,792.3599999999999,
Basdas,2026-05,dom_top6,20,6,97,61,1965.9899999999998,1225.36,
Basdas,2026-05,dom_top4_shrunk,20,4,97,61,1965.9899999999998,1225.36,
Basdas,2026-05,pooled_dom_top4,20,1,97,0,1965.9899999999998,0.0,
Basdas,2026-05,dow_top1,20,4,97,28,1965.9899999999998,709.0999999999999,
Basdas,2026-05,dow_top2,20,5,97,28,1965.9899999999998,709.0999999999999,
Basdas,2026-05,dom_top2+dow_top1,20,6,97,77,1965.9899999999998,1501.46,
Basdas,2026-05,learned_gate,20,7,97,13,1965.9899999999998,437.99999999999994,
Baskent,2026-05,every_day,31,31,43,43,463.3,463.3,
Baskent,2026-05,pilot_1_14_15_16_hol,31,10,43,0,463.3,0.0,
Baskent,2026-05,spec_1_15_end_hol,31,9,43,0,463.3,0.0,
Baskent,2026-05,1st_only,31,1,43,0,463.3,0.0,
Baskent,2026-05,dom_top2,31,2,43,0,463.3,0.0,
Baskent,2026-05,dom_top4,31,4,43,0,463.3,0.0,
Baskent,2026-05,dom_top6,31,6,43,0,463.3,0.0,
Baskent,2026-05,dom_top4_shrunk,31,4,43,0,463.3,0.0,
Baskent,2026-05,pooled_dom_top4,31,4,43,0,463.3,0.0,
Baskent,2026-05,dow_top1,31,5,43,0,463.3,0.0,
Baskent,2026-05,dow_top2,31,9,43,0,463.3,0.0,
Baskent,2026-05,dom_top2+dow_top1,31,7,43,0,463.3,0.0,
Baskent,2026-05,learned_gate,31,4,43,0,463.3,0.0,
CarrefourSA,2026-05,every_day,18,18,3865,3865,872833.8200000001,872833.8200000001,
CarrefourSA,2026-05,pilot_1_14_15_16_hol,18,4,3865,920,872833.8200000001,257421.77000000002,
CarrefourSA,2026-05,spec_1_15_end_hol,18,2,3865,671,872833.8200000001,241375.62,
CarrefourSA,2026-05,1st_only,18,1,3865,160,872833.8200000001,139935.51,
CarrefourSA,2026-05,dom_top2,18,0,3865,0,872833.8200000001,0.0,
CarrefourSA,2026-05,dom_top4,18,2,3865,228,872833.8200000001,146953.15000000002,
CarrefourSA,2026-05,dom_top6,18,4,3865,570,872833.8200000001,186580.13000000003,
CarrefourSA,2026-05,dom_top4_shrunk,18,2,3865,228,872833.8200000001,146953.15000000002,
CarrefourSA,2026-05,pooled_dom_top4,18,3,3865,463,872833.8200000001,158038.29,
CarrefourSA,2026-05,dow_top1,18,2,3865,276,872833.8200000001,55143.32000000001,
CarrefourSA,2026-05,dow_top2,18,4,3865,1268,872833.8200000001,272765.0,
CarrefourSA,2026-05,dom_top2+dow_top1,18,2,3865,276,872833.8200000001,55143.32000000001,
CarrefourSA,2026-05,learned_gate,18,2,3865,228,872833.8200000001,146953.15000000002,
Hapeloglu,2026-05,every_day,29,29,1664,1664,33305.899999999994,33305.899999999994,
Hapeloglu,2026-05,pilot_1_14_15_16_hol,29,10,1664,413,33305.899999999994,8876.45,
Hapeloglu,2026-05,spec_1_15_end_hol,29,9,1664,260,33305.899999999994,7007.2,
Hapeloglu,2026-05,1st_only,29,1,1664,93,33305.899999999994,2610.0,
Hapeloglu,2026-05,dom_top2,29,2,1664,31,33305.899999999994,1858.5,
Hapeloglu,2026-05,dom_top4,29,4,1664,50,33305.899999999994,2376.9,
Hapeloglu,2026-05,dom_top6,29,6,1664,118,33305.899999999994,3516.45,
Hapeloglu,2026-05,dom_top4_shrunk,29,3,1664,205,33305.899999999994,3874.4500000000003,
Hapeloglu,2026-05,pooled_dom_top4,29,3,1664,168,33305.899999999994,4127.8,
Hapeloglu,2026-05,dow_top1,29,4,1664,323,33305.899999999994,5808.4,
Hapeloglu,2026-05,dow_top2,29,8,1664,653,33305.899999999994,11201.35,
Hapeloglu,2026-05,dom_top2+dow_top1,29,6,1664,354,33305.899999999994,7666.900000000001,
Hapeloglu,2026-05,learned_gate,29,2,1664,162,33305.899999999994,3809.3,
Kale,2026-05,every_day,23,23,840,840,14000.670000000002,14000.670000000002,
Kale,2026-05,pilot_1_14_15_16_hol,23,3,840,206,14000.670000000002,2380.64,
Kale,2026-05,spec_1_15_end_hol,23,3,840,206,14000.670000000002,2380.64,
Kale,2026-05,1st_only,23,1,840,129,14000.670000000002,1272.84,
Kale,2026-05,dom_top2,23,2,840,40,14000.670000000002,758.3000000000001,
Kale,2026-05,dom_top4,23,3,840,116,14000.670000000002,1985.5,
Kale,2026-05,dom_top6,23,5,840,191,14000.670000000002,3156.15,
Kale,2026-05,dom_top4_shrunk,23,4,840,130,14000.670000000002,3065.98,
Kale,2026-05,pooled_dom_top4,23,4,840,284,14000.670000000002,4398.32,
Kale,2026-05,dow_top1,23,3,840,168,14000.670000000002,1908.1399999999999,
Kale,2026-05,dow_top2,23,7,840,340,14000.670000000002,4713.169999999999,
Kale,2026-05,dom_top2+dow_top1,23,5,840,208,14000.670000000002,2666.44,
Kale,2026-05,learned_gate,23,1,840,71,14000.670000000002,1095.55,
Kim,2026-05,every_day,19,19,704,704,17753.63,17753.63,
Kim,2026-05,pilot_1_14_15_16_hol,19,5,704,155,17753.63,2342.5600000000004,
Kim,2026-05,spec_1_15_end_hol,19,3,704,77,17753.63,1137.6000000000001,
Kim,2026-05,1st_only,19,0,704,0,17753.63,0.0,
Kim,2026-05,dom_top2,19,0,704,0,17753.63,0.0,
Kim,2026-05,dom_top4,19,1,704,1,17753.63,30.000000000000014,
Kim,2026-05,dom_top6,19,3,704,66,17753.63,837.01,
Kim,2026-05,dom_top4_shrunk,19,1,704,7,17753.63,105.0,
Kim,2026-05,pooled_dom_top4,19,2,704,48,17753.63,1049.0100000000002,
Kim,2026-05,dow_top1,19,2,704,62,17753.63,827.3100000000001,
Kim,2026-05,dow_top2,19,5,704,392,17753.63,12319.220000000001,
Kim,2026-05,dom_top2+dow_top1,19,2,704,62,17753.63,827.3100000000001,
Kim,2026-05,learned_gate,19,2,704,27,17753.63,421.5,
Macrocenter,2026-05,every_day,7,7,963,963,139846.31999999998,139846.31999999998,
Macrocenter,2026-05,pilot_1_14_15_16_hol,7,1,963,162,139846.31999999998,11165.16,
Macrocenter,2026-05,spec_1_15_end_hol,7,0,963,0,139846.31999999998,0.0,
Macrocenter,2026-05,1st_only,7,0,963,0,139846.31999999998,0.0,
Macrocenter,2026-05,dom_top2,7,1,963,48,139846.31999999998,1828.4499999999998,
Macrocenter,2026-05,dom_top4,7,2,963,210,139846.31999999998,12993.61,
Macrocenter,2026-05,dom_top6,7,3,963,210,139846.31999999998,12993.61,
Macrocenter,2026-05,dom_top4_shrunk,7,1,963,48,139846.31999999998,1828.4499999999998,
Macrocenter,2026-05,pooled_dom_top4,7,0,963,0,139846.31999999998,0.0,
Macrocenter,2026-05,dow_top1,7,0,963,0,139846.31999999998,0.0,
Macrocenter,2026-05,dow_top2,7,1,963,376,139846.31999999998,52356.75,
Macrocenter,2026-05,dom_top2+dow_top1,7,1,963,48,139846.31999999998,1828.4499999999998,
Marketzade,2026-05,every_day,31,31,295,295,7712.5,7712.5,
Marketzade,2026-05,pilot_1_14_15_16_hol,31,10,295,0,7712.5,0.0,
Marketzade,2026-05,spec_1_15_end_hol,31,9,295,0,7712.5,0.0,
Marketzade,2026-05,1st_only,31,1,295,0,7712.5,0.0,
Marketzade,2026-05,dom_top2,31,2,295,0,7712.5,0.0,
Marketzade,2026-05,dom_top4,31,4,295,0,7712.5,0.0,
Marketzade,2026-05,dom_top6,31,6,295,0,7712.5,0.0,
Marketzade,2026-05,dom_top4_shrunk,31,4,295,0,7712.5,0.0,
Marketzade,2026-05,pooled_dom_top4,31,4,295,286,7712.5,6673.5,
Marketzade,2026-05,dow_top1,31,4,295,0,7712.5,0.0,
Marketzade,2026-05,dow_top2,31,9,295,0,7712.5,0.0,
Marketzade,2026-05,dom_top2+dow_top1,31,6,295,0,7712.5,0.0,
Marketzade,2026-05,learned_gate,31,14,295,286,7712.5,6673.5,
Migros,2026-05,every_day,26,26,3057,3057,292631.39,292631.39,
Migros,2026-05,pilot_1_14_15_16_hol,26,6,3057,714,292631.39,137018.74000000002,
Migros,2026-05,spec_1_15_end_hol,26,4,3057,660,292631.39,135546.04,
Migros,2026-05,1st_only,26,1,3057,315,292631.39,125209.34000000001,
Migros,2026-05,dom_top2,26,2,3057,74,292631.39,1518.73,
Migros,2026-05,dom_top4,26,3,3057,119,292631.39,2746.73,
Migros,2026-05,dom_top6,26,4,3057,434,292631.39,127956.07,
Migros,2026-05,dom_top4_shrunk,26,3,3057,135,292631.39,4690.68,
Migros,2026-05,pooled_dom_top4,26,4,3057,451,292631.39,129970.02,
Migros,2026-05,dow_top1,26,3,3057,446,292631.39,20035.690000000002,
Migros,2026-05,dow_top2,26,7,3057,797,292631.39,33187.3,
Migros,2026-05,dom_top2+dow_top1,26,5,3057,520,292631.39,21554.42,
Migros,2026-05,learned_gate,26,4,3057,266,292631.39,12530.02,
Marketzade,2026-06,every_day,10,10,498,498,10836.0,10836.0,
Marketzade,2026-06,pilot_1_14_15_16_hol,10,1,498,0,10836.0,0.0,
Marketzade,2026-06,spec_1_15_end_hol,10,1,498,0,10836.0,0.0,
Marketzade,2026-06,1st_only,10,1,498,0,10836.0,0.0,
Marketzade,2026-06,dom_top2,10,1,498,0,10836.0,0.0,
Marketzade,2026-06,dom_top4,10,2,498,2,10836.0,44.0,
Marketzade,2026-06,dom_top6,10,3,498,2,10836.0,44.0,
Marketzade,2026-06,dom_top4_shrunk,10,2,498,2,10836.0,44.0,
Marketzade,2026-06,pooled_dom_top4,10,1,498,0,10836.0,0.0,
Marketzade,2026-06,dow_top1,10,2,498,0,10836.0,0.0,
Marketzade,2026-06,dow_top2,10,4,498,2,10836.0,44.0,
Marketzade,2026-06,dom_top2+dow_top1,10,3,498,0,10836.0,0.0,
Marketzade,2026-06,learned_gate,10,2,498,2,10836.0,44.0,
A101,2026-08,every_day,20,20,901,901,36695.85,36695.85,
A101,2026-08,pilot_1_14_15_16_hol,20,4,901,203,36695.85,5137.75,
A101,2026-08,spec_1_15_end_hol,20,3,901,197,36695.85,5071.25,
A101,2026-08,1st_only,20,0,901,0,36695.85,0.0,
A101,2026-08,dom_top2,20,1,901,0,36695.85,0.0,
A101,2026-08,dom_top4,20,3,901,4,36695.85,70.0,
A101,2026-08,dom_top6,20,3,901,4,36695.85,70.0,
A101,2026-08,dom_top4_shrunk,20,2,901,87,36695.85,3244.9,
A101,2026-08,pooled_dom_top4,20,3,901,93,36695.85,3350.9,
A101,2026-08,dow_top1,20,3,901,474,36695.85,20603.2,
A101,2026-08,dow_top2,20,6,901,858,36695.85,35109.6,
A101,2026-08,dom_top2+dow_top1,20,4,901,474,36695.85,20603.2,
A101,2026-08,learned_gate,20,1,901,6,36695.85,106.0,
Arden,2026-08,every_day,13,13,0,0,0.0,0.0,
Arden,2026-08,pilot_1_14_15_16_hol,13,0,0,0,0.0,0.0,
Arden,2026-08,spec_1_15_end_hol,13,0,0,0,0.0,0.0,
Arden,2026-08,1st_only,13,0,0,0,0.0,0.0,
Arden,2026-08,dom_top2,13,0,0,0,0.0,0.0,
Arden,2026-08,dom_top4,13,0,0,0,0.0,0.0,
Arden,2026-08,dom_top6,13,1,0,0,0.0,0.0,
Arden,2026-08,dom_top4_shrunk,13,1,0,0,0.0,0.0,
Arden,2026-08,pooled_dom_top4,13,1,0,0,0.0,0.0,
Arden,2026-08,dow_top1,13,2,0,0,0.0,0.0,
Arden,2026-08,dow_top2,13,4,0,0,0.0,0.0,
Arden,2026-08,dom_top2+dow_top1,13,2,0,0,0.0,0.0,
Arden,2026-08,learned_gate,13,3,0,0,0.0,0.0,
Gurmar,2026-08,every_day,14,14,309,309,7577.56,7577.56,
Gurmar,2026-08,pilot_1_14_15_16_hol,14,1,309,1,7577.56,5.0,
Gurmar,2026-08,spec_1_15_end_hol,14,2,309,10,7577.56,87.05,
Gurmar,2026-08,1st_only,14,0,309,0,7577.56,0.0,
Gurmar,2026-08,dom_top2,14,0,309,0,7577.56,0.0,
Gurmar,2026-08,dom_top4,14,0,309,0,7577.56,0.0,
Gurmar,2026-08,dom_top6,14,0,309,0,7577.56,0.0,
Gurmar,2026-08,dom_top4_shrunk,14,1,309,3,7577.56,9.5,
Gurmar,2026-08,pooled_dom_top4,14,1,309,3,7577.56,9.5,
Gurmar,2026-08,dow_top1,14,2,309,4,7577.56,14.5,
Gurmar,2026-08,dow_top2,14,4,309,25,7577.56,234.09999999999997,
Gurmar,2026-08,dom_top2+dow_top1,14,2,309,4,7577.56,14.5,
Gurmar,2026-08,learned_gate,14,4,309,101,7577.56,3176.52,
Hapeloglu,2026-08,every_day,20,20,939,939,18860.35,18860.35,
Hapeloglu,2026-08,pilot_1_14_15_16_hol,20,4,939,241,18860.35,5719.849999999999,
Hapeloglu,2026-08,spec_1_15_end_hol,20,3,939,254,18860.35,5715.1,
Hapeloglu,2026-08,1st_only,20,0,939,0,18860.35,0.0,
Hapeloglu,2026-08,dom_top2,20,2,939,55,18860.35,599.3,
Hapeloglu,2026-08,dom_top4,20,3,939,197,18860.35,3690.6499999999996,
Hapeloglu,2026-08,dom_top6,20,5,939,331,18860.35,6263.65,
Hapeloglu,2026-08,dom_top4_shrunk,20,3,939,134,18860.35,2252.85,
Hapeloglu,2026-08,pooled_dom_top4,20,3,939,134,18860.35,2252.85,
Hapeloglu,2026-08,dow_top1,20,3,939,88,18860.35,2604.1,
Hapeloglu,2026-08,dow_top2,20,6,939,225,18860.35,5474.25,
Hapeloglu,2026-08,dom_top2+dow_top1,20,5,939,143,18860.35,3203.3999999999996,
Hapeloglu,2026-08,learned_gate,20,3,939,96,18860.35,2011.1999999999998,
Kale,2026-08,every_day,15,15,390,390,8545.505,8545.505,
Kale,2026-08,pilot_1_14_15_16_hol,15,1,390,17,8545.505,309.0,
Kale,2026-08,spec_1_15_end_hol,15,2,390,46,8545.505,879.5,
Kale,2026-08,1st_only,15,0,390,0,8545.505,0.0,
Kale,2026-08,dom_top2,15,0,390,0,8545.505,0.0,
Kale,2026-08,dom_top4,15,0,390,0,8545.505,0.0,
Kale,2026-08,dom_top6,15,1,390,28,8545.505,1064.505,
Kale,2026-08,dom_top4_shrunk,15,1,390,30,8545.505,432.6,
Kale,2026-08,pooled_dom_top4,15,1,390,30,8545.505,432.6,
Kale,2026-08,dow_top1,15,2,390,123,8545.505,3161.1,
Kale,2026-08,dow_top2,15,4,390,125,8545.505,3204.1,
Kale,2026-08,dom_top2+dow_top1,15,2,390,123,8545.505,3161.1,
Kale,2026-08,learned_gate,15,0,390,0,8545.505,0.0,
Kim,2026-08,every_day,16,16,442,442,12592.710000000003,12592.710000000003,
Kim,2026-08,pilot_1_14_15_16_hol,16,2,442,13,12592.710000000003,280.0,
Kim,2026-08,spec_1_15_end_hol,16,2,442,30,12592.710000000003,878.5700000000002,
Kim,2026-08,1st_only,16,0,442,0,12592.710000000003,0.0,
Kim,2026-08,dom_top2,16,1,442,19,12592.710000000003,121.50000000000001,
Kim,2026-08,dom_top4,16,2,442,40,12592.710000000003,834.54,
Kim,2026-08,dom_top6,16,2,442,40,12592.710000000003,834.54,
Kim,2026-08,dom_top4_shrunk,16,2,442,40,12592.710000000003,834.54,
Kim,2026-08,pooled_dom_top4,16,1,442,4,12592.710000000003,49.99999999999998,
Kim,2026-08,dow_top1,16,3,442,81,12592.710000000003,2769.78,
Kim,2026-08,dow_top2,16,5,442,107,12592.710000000003,3509.7900000000004,
Kim,2026-08,dom_top2+dow_top1,16,4,442,100,12592.710000000003,2891.28,
Kim,2026-08,learned_gate,16,0,442,0,12592.710000000003,0.0,
Macrocenter,2026-08,every_day,20,20,2463,2463,520878.1499999999,520878.1499999999,
Macrocenter,2026-08,pilot_1_14_15_16_hol,20,4,2463,156,520878.1499999999,27072.8,
Macrocenter,2026-08,spec_1_15_end_hol,20,3,2463,158,520878.1499999999,28113.6,
Macrocenter,2026-08,1st_only,20,0,2463,0,520878.1499999999,0.0,
Macrocenter,2026-08,dom_top2,20,0,2463,0,520878.1499999999,0.0,
Macrocenter,2026-08,dom_top4,20,1,2463,164,520878.1499999999,34866.70999999999,
Macrocenter,2026-08,dom_top6,20,2,2463,181,520878.1499999999,36881.70999999999,
Macrocenter,2026-08,dom_top4_shrunk,20,2,2463,110,520878.1499999999,8246.6,
Macrocenter,2026-08,pooled_dom_top4,20,3,2463,148,520878.1499999999,11940.220000000001,
Macrocenter,2026-08,dow_top1,20,3,2463,541,520878.1499999999,60825.54,
Macrocenter,2026-08,dow_top2,20,6,2463,1443,520878.1499999999,345914.3,
Macrocenter,2026-08,dom_top2+dow_top1,20,3,2463,541,520878.1499999999,60825.54,
Macrocenter,2026-08,learned_gate,20,3,2463,471,520878.1499999999,116198.76,
Marketzade,2026-08,every_day,20,20,388,388,6588.7,6588.7,
Marketzade,2026-08,pilot_1_14_15_16_hol,20,4,388,0,6588.7,0.0,
Marketzade,2026-08,spec_1_15_end_hol,20,3,388,0,6588.7,0.0,
Marketzade,2026-08,1st_only,20,0,388,0,6588.7,0.0,
Marketzade,2026-08,dom_top2,20,1,388,0,6588.7,0.0,
Marketzade,2026-08,dom_top4,20,1,388,0,6588.7,0.0,
Marketzade,2026-08,dom_top6,20,3,388,92,6588.7,1781.0,
Marketzade,2026-08,dom_top4_shrunk,20,1,388,0,6588.7,0.0,
Marketzade,2026-08,pooled_dom_top4,20,3,388,92,6588.7,1781.0,
Marketzade,2026-08,dow_top1,20,3,388,0,6588.7,0.0,
Marketzade,2026-08,dow_top2,20,5,388,37,6588.7,843.5,
Marketzade,2026-08,dom_top2+dow_top1,20,4,388,0,6588.7,0.0,
Marketzade,2026-08,learned_gate,20,1,388,0,6588.7,0.0,
Migros,2026-08,every_day,20,20,1063,1063,50358.549999999996,50358.549999999996,
Migros,2026-08,pilot_1_14_15_16_hol,20,4,1063,33,50358.549999999996,1622.0,
Migros,2026-08,spec_1_15_end_hol,20,3,1063,42,50358.549999999996,1351.0500000000002,
Migros,2026-08,1st_only,20,0,1063,0,50358.549999999996,0.0,
Migros,2026-08,dom_top2,20,2,1063,26,50358.549999999996,1130.25,
Migros,2026-08,dom_top4,20,4,1063,99,50358.549999999996,5455.35,
Migros,2026-08,dom_top6,20,5,1063,127,50358.549999999996,5795.35,
Migros,2026-08,dom_top4_shrunk,20,4,1063,99,50358.549999999996,5455.35,
Migros,2026-08,pooled_dom_top4,20,3,1063,73,50358.549999999996,4325.1,
Migros,2026-08,dow_top1,20,3,1063,631,50358.549999999996,39433.59,
Migros,2026-08,dow_top2,20,6,1063,737,50358.549999999996,43371.93,
Migros,2026-08,dom_top2+dow_top1,20,5,1063,657,50358.549999999996,40563.84,
Migros,2026-08,learned_gate,20,2,1063,73,50358.549999999996,4325.1,
A101,2026-09,every_day,9,9,669,669,35030.05,35030.05,
A101,2026-09,pilot_1_14_15_16_hol,9,1,669,2,35030.05,300.0,
A101,2026-09,spec_1_15_end_hol,9,2,669,151,35030.05,3702.2999999999997,
A101,2026-09,1st_only,9,1,669,2,35030.05,300.0,
A101,2026-09,dom_top2,9,1,669,2,35030.05,300.0,
A101,2026-09,dom_top4,9,2,669,2,35030.05,300.0,
A101,2026-09,dom_top6,9,2,669,2,35030.05,300.0,
A101,2026-09,dom_top4_shrunk,9,2,669,2,35030.05,300.0,
A101,2026-09,pooled_dom_top4,9,1,669,2,35030.05,300.0,
A101,2026-09,dow_top1,9,1,669,344,35030.05,9160.85,
A101,2026-09,dow_top2,9,3,669,641,35030.05,23290.45,
A101,2026-09,dom_top2+dow_top1,9,2,669,346,35030.05,9460.85,
A101,2026-09,learned_gate,9,0,669,0,35030.05,0.0,
Arden,2026-09,every_day,5,5,362,362,12419.45,12419.45,
Arden,2026-09,pilot_1_14_15_16_hol,5,0,362,0,12419.45,0.0,
Arden,2026-09,spec_1_15_end_hol,5,1,362,6,12419.45,80.04,
Arden,2026-09,1st_only,5,0,362,0,12419.45,0.0,
Arden,2026-09,dom_top2,5,0,362,0,12419.45,0.0,
Arden,2026-09,dom_top4,5,1,362,355,12419.45,12279.41,
Arden,2026-09,dom_top6,5,1,362,355,12419.45,12279.41,
Arden,2026-09,dom_top4_shrunk,5,0,362,0,12419.45,0.0,
Arden,2026-09,pooled_dom_top4,5,0,362,0,12419.45,0.0,
Arden,2026-09,dow_top1,5,0,362,0,12419.45,0.0,
Arden,2026-09,dow_top2,5,1,362,1,12419.45,60.0,
Arden,2026-09,dom_top2+dow_top1,5,0,362,0,12419.45,0.0,
Arden,2026-09,learned_gate,5,2,362,1,12419.45,60.0,
Gurmar,2026-09,every_day,30,30,1008,1008,42526.26,42526.26,
Gurmar,2026-09,pilot_1_14_15_16_hol,30,4,1008,707,42526.26,28712.649999999998,
Gurmar,2026-09,spec_1_15_end_hol,30,3,1008,530,42526.26,21090.94,
Gurmar,2026-09,1st_only,30,1,1008,491,42526.26,20225.989999999998,
Gurmar,2026-09,dom_top2,30,2,1008,494,42526.26,20237.989999999998,
Gurmar,2026-09,dom_top4,30,4,1008,623,42526.26,27000.399999999998,
Gurmar,2026-09,dom_top6,30,6,1008,702,42526.26,28357.8,
Gurmar,2026-09,dom_top4_shrunk,30,4,1008,628,42526.26,27023.399999999998,
Gurmar,2026-09,pooled_dom_top4,30,4,1008,547,42526.26,22370.909999999996,
Gurmar,2026-09,dow_top1,30,4,1008,10,42526.26,70.0,
Gurmar,2026-09,dow_top2,30,9,1008,606,42526.26,22296.76,
Gurmar,2026-09,dom_top2+dow_top1,30,6,1008,504,42526.26,20307.989999999998,
Gurmar,2026-09,learned_gate,30,8,1008,220,42526.26,9963.98,
Hapeloglu,2026-09,every_day,9,9,424,424,9572.15,9572.15,
Hapeloglu,2026-09,pilot_1_14_15_16_hol,9,1,424,8,9572.15,96.5,
Hapeloglu,2026-09,spec_1_15_end_hol,9,2,424,35,9572.15,859.0,
Hapeloglu,2026-09,1st_only,9,1,424,8,9572.15,96.5,
Hapeloglu,2026-09,dom_top2,9,1,424,97,9572.15,1141.95,
Hapeloglu,2026-09,dom_top4,9,2,424,144,9572.15,2124.55,
Hapeloglu,2026-09,dom_top6,9,2,424,144,9572.15,2124.55,
Hapeloglu,2026-09,dom_top4_shrunk,9,1,424,8,9572.15,96.5,
Hapeloglu,2026-09,pooled_dom_top4,9,1,424,8,9572.15,96.5,
Hapeloglu,2026-09,dow_top1,9,1,424,90,9572.15,3765.6,
Hapeloglu,2026-09,dow_top2,9,3,424,196,9572.15,4975.65,
Hapeloglu,2026-09,dom_top2+dow_top1,9,2,424,187,9572.15,4907.55,
Hapeloglu,2026-09,learned_gate,9,1,424,97,9572.15,1141.95,
Kale,2026-09,every_day,8,8,258,258,4196.46,4196.46,
Kale,2026-09,pilot_1_14_15_16_hol,8,1,258,0,4196.46,0.0,
Kale,2026-09,spec_1_15_end_hol,8,2,258,56,4196.46,287.25,
Kale,2026-09,1st_only,8,1,258,0,4196.46,0.0,
Kale,2026-09,dom_top2,8,1,258,0,4196.46,0.0,
Kale,2026-09,dom_top4,8,3,258,118,4196.46,2349.36,
Kale,2026-09,dom_top6,8,3,258,118,4196.46,2349.36,
Kale,2026-09,dom_top4_shrunk,8,2,258,4,4196.46,76.0,
Kale,2026-09,pooled_dom_top4,8,1,258,0,4196.46,0.0,
Kale,2026-09,dow_top1,8,1,258,49,4196.46,834.15,
Kale,2026-09,dow_top2,8,3,258,193,4196.46,3779.6100000000006,
Kale,2026-09,dom_top2+dow_top1,8,2,258,49,4196.46,834.15,
Kale,2026-09,learned_gate,8,2,258,49,4196.46,834.15,
Kim,2026-09,every_day,9,9,611,611,17496.92,17496.92,
Kim,2026-09,pilot_1_14_15_16_hol,9,1,611,223,17496.92,6870.83,
Kim,2026-09,spec_1_15_end_hol,9,2,611,284,17496.92,8387.25,
Kim,2026-09,1st_only,9,1,611,223,17496.92,6870.83,
Kim,2026-09,dom_top2,9,1,611,223,17496.92,6870.83,
Kim,2026-09,dom_top4,9,1,611,223,17496.92,6870.83,
Kim,2026-09,dom_top6,9,2,611,320,17496.92,10662.96,
Kim,2026-09,dom_top4_shrunk,9,1,611,223,17496.92,6870.83,
Kim,2026-09,pooled_dom_top4,9,1,611,223,17496.92,6870.83,
Kim,2026-09,dow_top1,9,1,611,6,17496.92,226.0,
Kim,2026-09,dow_top2,9,3,611,75,17496.92,2279.6400000000003,
Kim,2026-09,dom_top2+dow_top1,9,2,611,229,17496.92,7096.83,
Kim,2026-09,learned_gate,9,0,611,0,17496.92,0.0,
Macrocenter,2026-09,every_day,9,9,1083,1083,123954.07999999999,123954.07999999999,
Macrocenter,2026-09,pilot_1_14_15_16_hol,9,1,1083,335,123954.07999999999,34211.22,
Macrocenter,2026-09,spec_1_15_end_hol,9,2,1083,375,123954.07999999999,34998.92,
Macrocenter,2026-09,1st_only,9,1,1083,335,123954.07999999999,34211.22,
Macrocenter,2026-09,dom_top2,9,0,1083,0,123954.07999999999,0.0,
Macrocenter,2026-09,dom_top4,9,1,1083,19,123954.07999999999,2011.3,
Macrocenter,2026-09,dom_top6,9,1,1083,19,123954.07999999999,2011.3,
Macrocenter,2026-09,dom_top4_shrunk,9,2,1083,337,123954.07999999999,34361.22,
Macrocenter,2026-09,pooled_dom_top4,9,1,1083,335,123954.07999999999,34211.22,
Macrocenter,2026-09,dow_top1,9,2,1083,422,123954.07999999999,70308.87,
Macrocenter,2026-09,dow_top2,9,3,1083,459,123954.07999999999,72613.87,
Macrocenter,2026-09,dom_top2+dow_top1,9,2,1083,422,123954.07999999999,70308.87,
Macrocenter,2026-09,learned_gate,9,0,1083,0,123954.07999999999,0.0,
Marketzade,2026-09,every_day,9,9,2582,2582,12380.95,12380.95,
Marketzade,2026-09,pilot_1_14_15_16_hol,9,1,2582,0,12380.95,0.0,
Marketzade,2026-09,spec_1_15_end_hol,9,2,2582,1,12380.95,4.0,
Marketzade,2026-09,1st_only,9,1,2582,0,12380.95,0.0,
Marketzade,2026-09,dom_top2,9,0,2582,0,12380.95,0.0,
Marketzade,2026-09,dom_top4,9,2,2582,209,12380.95,6952.0,
Marketzade,2026-09,dom_top6,9,2,2582,209,12380.95,6952.0,
Marketzade,2026-09,dom_top4_shrunk,9,2,2582,209,12380.95,6952.0,
Marketzade,2026-09,pooled_dom_top4,9,1,2582,0,12380.95,0.0,
Marketzade,2026-09,dow_top1,9,1,2582,3,12380.95,290.0,
Marketzade,2026-09,dow_top2,9,2,2582,3,12380.95,290.0,
Marketzade,2026-09,dom_top2+dow_top1,9,1,2582,3,12380.95,290.0,
Marketzade,2026-09,learned_gate,9,0,2582,0,12380.95,0.0,
Migros,2026-09,every_day,9,9,680,680,29654.089999999997,29654.089999999997,
Migros,2026-09,pilot_1_14_15_16_hol,9,1,680,40,29654.089999999997,2137.83,
Migros,2026-09,spec_1_15_end_hol,9,2,680,68,29654.089999999997,3404.08,
Migros,2026-09,1st_only,9,1,680,40,29654.089999999997,2137.83,
Migros,2026-09,dom_top2,9,0,680,0,29654.089999999997,0.0,
Migros,2026-09,dom_top4,9,1,680,28,29654.089999999997,1266.25,
Migros,2026-09,dom_top6,9,2,680,68,29654.089999999997,3404.08,
Migros,2026-09,dom_top4_shrunk,9,1,680,40,29654.089999999997,2137.83,
Migros,2026-09,pooled_dom_top4,9,1,680,40,29654.089999999997,2137.83,
Migros,2026-09,dow_top1,9,2,680,467,29654.089999999997,21921.86,
Migros,2026-09,dow_top2,9,3,680,519,29654.089999999997,23167.51,
Migros,2026-09,dom_top2+dow_top1,9,2,680,467,29654.089999999997,21921.86,
Migros,2026-09,learned_gate,9,2,680,467,29654.089999999997,21921.86,
Tarım Kredi Kooperatif,2026-09,every_day,9,9,403,403,8263.27,8263.27,
Tarım Kredi Kooperatif,2026-09,pilot_1_14_15_16_hol,9,1,403,3,8263.27,26.500000000000007,
Tarım Kredi Kooperatif,2026-09,spec_1_15_end_hol,9,2,403,46,8263.27,534.2500000000001,
Tarım Kredi Kooperatif,2026-09,1st_only,9,1,403,3,8263.27,26.500000000000007,
Tarım Kredi Kooperatif,2026-09,dom_top2,9,1,403,8,8263.27,291.9,
Tarım Kredi Kooperatif,2026-09,dom_top4,9,2,403,16,8263.27,453.09999999999997,
Tarım Kredi Kooperatif,2026-09,dom_top6,9,3,403,53,8263.27,1212.6,
Tarım Kredi Kooperatif,2026-09,dom_top4_shrunk,9,2,403,45,8263.27,1051.4,
Tarım Kredi Kooperatif,2026-09,pooled_dom_top4,9,1,403,3,8263.27,26.500000000000007,
Tarım Kredi Kooperatif,2026-09,dow_top1,9,2,403,185,8263.27,3127.1,
Tarım Kredi Kooperatif,2026-09,dow_top2,9,3,403,188,8263.27,3153.6,
Tarım Kredi Kooperatif,2026-09,dom_top2+dow_top1,9,3,403,193,8263.27,3419.0,
sehzade,2026-09,every_day,8,8,715,715,27821.574999999997,27821.574999999997,
sehzade,2026-09,pilot_1_14_15_16_hol,8,0,715,0,27821.574999999997,0.0,
sehzade,2026-09,spec_1_15_end_hol,8,1,715,49,27821.574999999997,768.0999999999999,
sehzade,2026-09,1st_only,8,0,715,0,27821.574999999997,0.0,
sehzade,2026-09,dom_top2,8,0,715,0,27821.574999999997,0.0,
sehzade,2026-09,dom_top4,8,0,715,0,27821.574999999997,0.0,
sehzade,2026-09,dom_top6,8,0,715,0,27821.574999999997,0.0,
sehzade,2026-09,dom_top4_shrunk,8,1,715,18,27821.574999999997,1651.4769999999999,
sehzade,2026-09,pooled_dom_top4,8,0,715,0,27821.574999999997,0.0,
sehzade,2026-09,dow_top1,8,2,715,287,27821.574999999997,8691.381,
sehzade,2026-09,dow_top2,8,2,715,287,27821.574999999997,8691.381,
sehzade,2026-09,dom_top2+dow_top1,8,2,715,287,27821.574999999997,8691.381,
A101,2026-10,every_day,6,6,135,135,3838.05,3838.05,
A101,2026-10,pilot_1_14_15_16_hol,6,1,135,0,3838.05,0.0,
A101,2026-10,spec_1_15_end_hol,6,1,135,0,3838.05,0.0,
A101,2026-10,1st_only,6,1,135,0,3838.05,0.0,
A101,2026-10,dom_top2,6,0,135,0,3838.05,0.0,
A101,2026-10,dom_top4,6,1,135,0,3838.05,0.0,
A101,2026-10,dom_top6,6,2,135,0,3838.05,0.0,
A101,2026-10,dom_top4_shrunk,6,2,135,131,3838.05,3797.55,
A101,2026-10,pooled_dom_top4,6,2,135,131,3838.05,3797.55,
A101,2026-10,dow_top1,6,1,135,131,3838.05,3797.55,
A101,2026-10,dow_top2,6,1,135,131,3838.05,3797.55,
A101,2026-10,dom_top2+dow_top1,6,1,135,131,3838.05,3797.55,
A101,2026-10,learned_gate,6,1,135,0,3838.05,0.0,
Cagri,2026-10,every_day,6,6,763,763,22800.659999999996,22800.659999999996,
Cagri,2026-10,pilot_1_14_15_16_hol,6,1,763,493,22800.659999999996,16398.87,
Cagri,2026-10,spec_1_15_end_hol,6,1,763,493,22800.659999999996,16398.87,
Cagri,2026-10,1st_only,6,1,763,493,22800.659999999996,16398.87,
Cagri,2026-10,dom_top2,6,2,763,496,22800.659999999996,16448.87,
Cagri,2026-10,dom_top4,6,2,763,496,22800.659999999996,16448.87,
Cagri,2026-10,dom_top6,6,4,763,568,22800.659999999996,18671.519999999997,
Cagri,2026-10,dom_top4_shrunk,6,3,763,538,22800.659999999996,17207.469999999998,
Cagri,2026-10,pooled_dom_top4,6,2,763,523,22800.659999999996,17862.92,
Cagri,2026-10,dow_top1,6,1,763,42,22800.659999999996,758.6,
Cagri,2026-10,dow_top2,6,2,763,203,22800.659999999996,3399.74,
Cagri,2026-10,dom_top2+dow_top1,6,3,763,538,22800.659999999996,17207.469999999998,
Hapeloglu,2026-10,every_day,6,6,297,297,4315.3,4315.3,
Hapeloglu,2026-10,pilot_1_14_15_16_hol,6,1,297,42,4315.3,512.2,
Hapeloglu,2026-10,spec_1_15_end_hol,6,1,297,42,4315.3,512.2,
Hapeloglu,2026-10,1st_only,6,1,297,42,4315.3,512.2,
Hapeloglu,2026-10,dom_top2,6,1,297,89,4315.3,1575.75,
Hapeloglu,2026-10,dom_top4,6,1,297,89,4315.3,1575.75,
Hapeloglu,2026-10,dom_top6,6,2,297,182,4315.3,2488.3,
Hapeloglu,2026-10,dom_top4_shrunk,6,2,297,131,4315.3,2087.95,
Hapeloglu,2026-10,pooled_dom_top4,6,2,297,131,4315.3,2087.95,
Hapeloglu,2026-10,dow_top1,6,1,297,42,4315.3,512.2,
Hapeloglu,2026-10,dow_top2,6,2,297,108,4315.3,1701.9,
Hapeloglu,2026-10,dom_top2+dow_top1,6,2,297,131,4315.3,2087.95,
Hapeloglu,2026-10,learned_gate,6,3,297,197,4315.3,3277.6499999999996,
Kale,2026-10,every_day,6,6,163,163,2862.5,2862.5,
Kale,2026-10,pilot_1_14_15_16_hol,6,1,163,11,2862.5,132.5,
Kale,2026-10,spec_1_15_end_hol,6,1,163,11,2862.5,132.5,
Kale,2026-10,1st_only,6,1,163,11,2862.5,132.5,
Kale,2026-10,dom_top2,6,2,163,23,2862.5,270.0,
Kale,2026-10,dom_top4,6,4,163,71,2862.5,1049.6,
Kale,2026-10,dom_top6,6,4,163,71,2862.5,1049.6,
Kale,2026-10,dom_top4_shrunk,6,4,163,71,2862.5,1049.6,
Kale,2026-10,pooled_dom_top4,6,2,163,48,2862.5,779.6,
Kale,2026-10,dow_top1,6,1,163,78,2862.5,1539.4,
Kale,2026-10,dow_top2,6,2,163,89,2862.5,1671.9,
Kale,2026-10,dom_top2+dow_top1,6,3,163,101,2862.5,1809.4,
Kale,2026-10,learned_gate,6,3,163,126,2862.5,2319.0,
Kim,2026-10,every_day,6,6,328,328,7000.120000000001,7000.120000000001,
Kim,2026-10,pilot_1_14_15_16_hol,6,1,328,258,7000.120000000001,5472.7,
Kim,2026-10,spec_1_15_end_hol,6,1,328,258,7000.120000000001,5472.7,
Kim,2026-10,1st_only,6,1,328,258,7000.120000000001,5472.7,
Kim,2026-10,dom_top2,6,2,328,284,7000.120000000001,5750.76,
Kim,2026-10,dom_top4,6,2,328,284,7000.120000000001,5750.76,
Kim,2026-10,dom_top6,6,2,328,284,7000.120000000001,5750.76,
Kim,2026-10,dom_top4_shrunk,6,3,328,292,7000.120000000001,5944.8,
Kim,2026-10,pooled_dom_top4,6,2,328,266,7000.120000000001,5666.74,
Kim,2026-10,dow_top1,6,1,328,20,7000.120000000001,898.9200000000001,
Kim,2026-10,dow_top2,6,1,328,20,7000.120000000001,898.9200000000001,
Kim,2026-10,dom_top2+dow_top1,6,3,328,304,7000.120000000001,6649.68,
Kim,2026-10,learned_gate,6,2,328,284,7000.120000000001,5750.76,
Macrocenter,2026-10,every_day,6,6,357,357,25133.660000000003,25133.660000000003,
Macrocenter,2026-10,pilot_1_14_15_16_hol,6,1,357,242,25133.660000000003,21110.36,
Macrocenter,2026-10,spec_1_15_end_hol,6,1,357,242,25133.660000000003,21110.36,
Macrocenter,2026-10,1st_only,6,1,357,242,25133.660000000003,21110.36,
Macrocenter,2026-10,dom_top2,6,1,357,242,25133.660000000003,21110.36,
Macrocenter,2026-10,dom_top4,6,2,357,265,25133.660000000003,21783.81,
Macrocenter,2026-10,dom_top6,6,2,357,265,25133.660000000003,21783.81,
Macrocenter,2026-10,dom_top4_shrunk,6,2,357,265,25133.660000000003,21783.81,
Macrocenter,2026-10,pooled_dom_top4,6,2,357,265,25133.660000000003,21783.81,
Macrocenter,2026-10,dow_top1,6,1,357,242,25133.660000000003,21110.36,
Macrocenter,2026-10,dow_top2,6,2,357,265,25133.660000000003,21440.010000000002,
Macrocenter,2026-10,dom_top2+dow_top1,6,1,357,242,25133.660000000003,21110.36,
Macrocenter,2026-10,learned_gate,6,1,357,23,25133.660000000003,329.65000000000003,
Marketzade,2026-10,every_day,6,6,175,175,3374.05,3374.05,
Marketzade,2026-10,pilot_1_14_15_16_hol,6,1,175,63,3374.05,2023.0,
Marketzade,2026-10,spec_1_15_end_hol,6,1,175,63,3374.05,2023.0,
Marketzade,2026-10,1st_only,6,1,175,63,3374.05,2023.0,
Marketzade,2026-10,dom_top2,6,1,175,0,3374.05,0.0,
Marketzade,2026-10,dom_top4,6,2,175,0,3374.05,0.0,
Marketzade,2026-10,dom_top6,6,3,175,50,3374.05,679.55,
Marketzade,2026-10,dom_top4_shrunk,6,2,175,0,3374.05,0.0,
Marketzade,2026-10,pooled_dom_top4,6,2,175,63,3374.05,2023.0,
Marketzade,2026-10,dow_top1,6,1,175,62,3374.05,671.5,
Marketzade,2026-10,dow_top2,6,2,175,125,3374.05,2694.5,
Marketzade,2026-10,dom_top2+dow_top1,6,2,175,62,3374.05,671.5,
Marketzade,2026-10,learned_gate,6,2,175,0,3374.05,0.0,
Migros,2026-10,every_day,6,6,161,161,4597.9,4597.9,
Migros,2026-10,pilot_1_14_15_16_hol,6,1,161,73,4597.9,2968.7,
Migros,2026-10,spec_1_15_end_hol,6,1,161,73,4597.9,2968.7,
Migros,2026-10,1st_only,6,1,161,73,4597.9,2968.7,
Migros,2026-10,dom_top2,6,0,161,0,4597.9,0.0,
Migros,2026-10,dom_top4,6,0,161,0,4597.9,0.0,
Migros,2026-10,dom_top6,6,0,161,0,4597.9,0.0,
Migros,2026-10,dom_top4_shrunk,6,0,161,0,4597.9,0.0,
Migros,2026-10,pooled_dom_top4,6,2,161,121,4597.9,3651.1499999999996,
Migros,2026-10,dow_top1,6,1,161,73,4597.9,2968.7,
Migros,2026-10,dow_top2,6,2,161,89,4597.9,3448.75,
Migros,2026-10,dom_top2+dow_top1,6,1,161,73,4597.9,2968.7,
Migros,2026-10,learned_gate,6,1,161,73,4597.9,2968.7,
Mopas,2026-10,every_day,6,6,403,403,14964.01,14964.01,
Mopas,2026-10,pilot_1_14_15_16_hol,6,1,403,41,14964.01,1507.24,
Mopas,2026-10,spec_1_15_end_hol,6,1,403,41,14964.01,1507.24,
Mopas,2026-10,1st_only,6,1,403,41,14964.01,1507.24,
Mopas,2026-10,dom_top2,6,1,403,41,14964.01,1507.24,
Mopas,2026-10,dom_top4,6,1,403,41,14964.01,1507.24,
Mopas,2026-10,dom_top6,6,2,403,90,14964.01,2168.83,
Mopas,2026-10,dom_top4_shrunk,6,3,403,354,14964.01,14284.41,
Mopas,2026-10,pooled_dom_top4,6,2,403,90,14964.01,2168.83,
Mopas,2026-10,dow_top1,6,1,403,49,14964.01,661.5900000000001,
Mopas,2026-10,dow_top2,6,2,403,49,14964.01,661.5900000000001,
Mopas,2026-10,dom_top2+dow_top1,6,2,403,90,14964.01,2168.83,
Tarım Kredi Kooperatif,2026-10,every_day,6,6,148,148,5752.500000000001,5752.500000000001,
Tarım Kredi Kooperatif,2026-10,pilot_1_14_15_16_hol,6,1,148,22,5752.500000000001,162.2,
Tarım Kredi Kooperatif,2026-10,spec_1_15_end_hol,6,1,148,22,5752.500000000001,162.2,
Tarım Kredi Kooperatif,2026-10,1st_only,6,1,148,22,5752.500000000001,162.2,
Tarım Kredi Kooperatif,2026-10,dom_top2,6,0,148,0,5752.500000000001,0.0,
Tarım Kredi Kooperatif,2026-10,dom_top4,6,2,148,89,5752.500000000001,4679.1,
Tarım Kredi Kooperatif,2026-10,dom_top6,6,2,148,89,5752.500000000001,4679.1,
Tarım Kredi Kooperatif,2026-10,dom_top4_shrunk,6,3,148,111,5752.500000000001,4841.3,
Tarım Kredi Kooperatif,2026-10,pooled_dom_top4,6,2,148,22,5752.500000000001,162.2,
Tarım Kredi Kooperatif,2026-10,dow_top1,6,0,148,0,5752.500000000001,0.0,
Tarım Kredi Kooperatif,2026-10,dow_top2,6,1,148,0,5752.500000000001,0.0,
Tarım Kredi Kooperatif,2026-10,dom_top2+dow_top1,6,0,148,0,5752.500000000001,0.0,
sehzade,2026-10,every_day,6,6,468,468,8410.156,8410.156,
sehzade,2026-10,pilot_1_14_15_16_hol,6,1,468,45,8410.156,986.3499999999999,
sehzade,2026-10,spec_1_15_end_hol,6,1,468,45,8410.156,986.3499999999999,
sehzade,2026-10,1st_only,6,1,468,45,8410.156,986.3499999999999,
sehzade,2026-10,dom_top2,6,1,468,381,8410.156,6168.005999999999,
sehzade,2026-10,dom_top4,6,2,468,391,8410.156,6967.856,
sehzade,2026-10,dom_top6,6,2,468,391,8410.156,6967.856,
sehzade,2026-10,dom_top4_shrunk,6,2,468,410,8410.156,6487.255999999999,
sehzade,2026-10,pooled_dom_top4,6,2,468,74,8410.156,1305.6,
sehzade,2026-10,dow_top1,6,0,468,0,8410.156,0.0,
sehzade,2026-10,dow_top2,6,1,468,2,8410.156,121.0,
sehzade,2026-10,dom_top2+dow_top1,6,1,468,381,8410.156,6168.005999999999,
A101,2026-05,store_best,20,5,1171,200,37669.63,7043.58,pilot_1_14_15_16_hol
A101,2026-08,store_best,20,6,901,858,36695.85,35109.6,dow_top2
A101,2026-09,store_best,9,3,669,641,35030.05,23290.45,dow_top2
A101,2026-10,store_best,6,1,135,131,3838.05,3797.55,dow_top2
Arden,2026-04,store_best,20,5,938,139,14808.929999999998,2028.89,pilot_1_14_15_16_hol
Arden,2026-05,store_best,24,6,891,419,22528.65,8741.119999999999,dow_top2
Arden,2026-08,store_best,13,4,0,0,0.0,0.0,dow_top2
Arden,2026-09,store_best,5,1,362,1,12419.45,60.0,dow_top2
Basdas,2026-04,store_best,26,5,233,64,6343.59,1815.36,pilot_1_14_15_16_hol
Basdas,2026-05,store_best,20,4,97,61,1965.9899999999998,1225.36,dom_top4_shrunk
Baskent,2026-04,store_best,30,5,5,0,205.5,0.0,pilot_1_14_15_16_hol
Baskent,2026-05,store_best,31,1,43,0,463.3,0.0,1st_only
Cagri,2026-10,store_best,6,1,763,493,22800.659999999996,16398.87,pilot_1_14_15_16_hol
CarrefourSA,2026-04,store_best,26,5,3435,496,894018.5000000001,126463.25,pilot_1_14_15_16_hol
CarrefourSA,2026-05,store_best,18,0,3865,0,872833.8200000001,0.0,dom_top2
Gurmar,2026-04,store_best,29,5,1279,354,38969.409999999996,12419.589999999998,pilot_1_14_15_16_hol
Gurmar,2026-08,store_best,14,1,309,1,7577.56,5.0,pilot_1_14_15_16_hol
Gurmar,2026-09,store_best,30,4,1008,707,42526.26,28712.649999999998,pilot_1_14_15_16_hol
Hapeloglu,2026-04,store_best,30,5,1456,302,27411.95,7240.200000000001,pilot_1_14_15_16_hol
Hapeloglu,2026-05,store_best,29,10,1664,413,33305.899999999994,8876.45,pilot_1_14_15_16_hol
Hapeloglu,2026-08,store_best,20,6,939,225,18860.35,5474.25,dow_top2
Hapeloglu,2026-09,store_best,9,3,424,196,9572.15,4975.65,dow_top2
Hapeloglu,2026-10,store_best,6,2,297,108,4315.3,1701.9,dow_top2
Kale,2026-04,store_best,27,4,772,206,14094.930999999999,3271.95,pilot_1_14_15_16_hol
Kale,2026-05,store_best,23,7,840,340,14000.670000000002,4713.169999999999,dow_top2
Kale,2026-08,store_best,15,4,390,125,8545.505,3204.1,dow_top2
Kale,2026-09,store_best,8,3,258,193,4196.46,3779.6100000000006,dow_top2
Kale,2026-10,store_best,6,2,163,89,2862.5,1671.9,dow_top2
Kim,2026-04,store_best,30,5,844,273,19176.42,4149.610000000001,pilot_1_14_15_16_hol
Kim,2026-05,store_best,19,5,704,155,17753.63,2342.5600000000004,pilot_1_14_15_16_hol
Kim,2026-08,store_best,16,2,442,13,12592.710000000003,280.0,pilot_1_14_15_16_hol
Kim,2026-09,store_best,9,1,611,223,17496.92,6870.83,pilot_1_14_15_16_hol
Kim,2026-10,store_best,6,1,328,258,7000.120000000001,5472.7,1st_only
Macrocenter,2026-04,store_best,19,5,1240,394,97864.38999999998,28412.28,pilot_1_14_15_16_hol
Macrocenter,2026-05,store_best,7,1,963,376,139846.31999999998,52356.75,dow_top2
Macrocenter,2026-08,store_best,20,6,2463,1443,520878.1499999999,345914.3,dow_top2
Macrocenter,2026-09,store_best,9,3,1083,459,123954.07999999999,72613.87,dow_top2
Macrocenter,2026-10,store_best,6,2,357,265,25133.660000000003,21440.010000000002,dow_top2
Marketzade,2026-04,store_best,30,5,960,1,29273.7,800.0,pilot_1_14_15_16_hol
Marketzade,2026-05,store_best,31,1,295,0,7712.5,0.0,1st_only
Marketzade,2026-06,store_best,10,1,498,0,10836.0,0.0,1st_only
Marketzade,2026-08,store_best,20,0,388,0,6588.7,0.0,1st_only
Marketzade,2026-09,store_best,9,1,2582,0,12380.95,0.0,1st_only
Marketzade,2026-10,store_best,6,1,175,63,3374.05,2023.0,1st_only
Migros,2026-04,store_best,30,5,3770,952,450038.24999999994,146460.88,pilot_1_14_15_16_hol
Migros,2026-05,store_best,26,3,3057,446,292631.39,20035.690000000002,dow_top1
Migros,2026-08,store_best,20,3,1063,631,50358.549999999996,39433.59,dow_top1
Migros,2026-09,store_best,9,2,680,467,29654.089999999997,21921.86,dow_top1
Migros,2026-10,store_best,6,1,161,73,4597.9,2968.7,dow_top1
Mopas,2026-10,store_best,6,1,403,41,14964.01,1507.24,pilot_1_14_15_16_hol
Tarım Kredi Kooperatif,2026-09,store_best,9,1,403,3,8263.27,26.500000000000007,pilot_1_14_15_16_hol
Tarım Kredi Kooperatif,2026-10,store_best,6,0,148,0,5752.500000000001,0.0,dow_top1
sehzade,2026-09,store_best,8,0,715,0,27821.574999999997,0.0,pilot_1_14_15_16_hol
sehzade,2026-10,store_best,6,1,468,381,8410.156,6168.005999999999,dom_top2+dow_top1
