store,rule,days_per_month,train_chg,test_chg,test_tl,test_days,cov_2026-03,cov_2026-04,cov_2026-05,cov_2026-08,cov_2026-09,cov_2026-10,cov_2026-02
A101,Cmt,4.3,0.507,0.557,0.444,0.143,0.577,0.285,0.636,0.526,0.514,0.97,
A101,"Cmt, Çar",8.7,0.802,0.956,0.823,0.286,0.93,0.703,0.793,0.952,0.958,0.97,
A101,"Cmt, Çar, Sal",13.0,0.914,0.962,0.83,0.4,0.944,0.828,0.961,0.961,0.961,0.97,
A101,"Cmt, Çar, Sal, Per",17.4,0.963,0.978,0.994,0.571,0.953,0.957,0.974,0.976,0.982,0.97,
A101,"Cmt, Çar, Sal, Per, Pzt",21.7,0.987,0.989,0.996,0.714,0.965,1.0,0.992,0.987,0.996,0.97,
A101,"Cmt, Çar, Sal, Per, Pzt, Cum",26.1,0.999,0.998,0.999,0.857,0.998,1.0,0.999,0.996,1.0,1.0,
A101,"Cmt, Çar, Sal, Per, Pzt, Cum, Paz",30.4,1.0,1.0,1.0,1.0,1.0,1.0,1.0,1.0,1.0,1.0,
Migros,Per,4.3,0.433,0.615,0.76,0.171,0.429,0.493,0.146,0.594,0.687,0.453,0.713
Migros,"Per, Çar",8.7,0.541,0.707,0.833,0.314,0.489,0.528,0.381,0.693,0.79,0.453,0.857
Migros,"Per, Çar, Cum",13.0,0.652,0.805,0.885,0.457,0.544,0.634,0.624,0.804,0.866,0.553,0.898
Migros,"Per, Çar, Cum, Pzt",17.4,0.759,0.854,0.912,0.6,0.651,0.762,0.788,0.849,0.912,0.64,0.898
Migros,"Per, Çar, Cum, Pzt, Sal",21.7,0.861,0.897,0.955,0.714,0.805,0.862,0.903,0.879,0.971,0.702,0.898
Migros,"Per, Çar, Cum, Pzt, Sal, Paz",26.1,0.931,0.898,0.958,0.857,0.914,0.952,0.953,0.88,0.972,0.702,0.898
Migros,"Per, Çar, Cum, Pzt, Sal, Paz, Cmt",30.4,1.0,1.0,1.0,1.0,1.0,1.0,1.0,1.0,1.0,1.0,1.0
