store,days_per_month,weekly_rule,monthly_rule,weekly_chg,weekly_tl,weekly_days,monthly_chg,monthly_tl,monthly_days
A101,4,Cmt,"23, 9, 28, 18",0.557,0.444,0.143,0.002,0.001,0.086
A101,9,"Cmt, Çar","23, 9, 28, 18, 1, 6, 12, 14, 21",0.956,0.823,0.286,0.058,0.049,0.286
A101,13,"Cmt, Çar, Sal","23, 9, 28, 18, 1, 6, 12, 14, 21, 25, 7, 16, 15",0.962,0.83,0.4,0.182,0.119,0.4
A101,17,"Cmt, Çar, Sal, Per","23, 9, 28, 18, 1, 6, 12, 14, 21, 25, 7, 16, 15, 20, 24, 5, 4",0.978,0.994,0.571,0.391,0.257,0.6
Migros,4,Per,"26, 30, 12, 13",0.615,0.76,0.171,0.067,0.079,0.143
Migros,9,"Per, Çar","26, 30, 12, 13, 31, 1, 16, 7, 28",0.707,0.833,0.314,0.192,0.173,0.314
Migros,13,"Per, Çar, Cum","26, 30, 12, 13, 31, 1, 16, 7, 28, 25, 19, 21, 5",0.805,0.885,0.457,0.256,0.214,0.457
Migros,17,"Per, Çar, Cum, Pzt","26, 30, 12, 13, 31, 1, 16, 7, 28, 25, 19, 21, 5, 15, 23, 3, 11",0.854,0.912,0.6,0.304,0.246,0.571
Gurmar,4,Paz,"1, 3, 16, 7",0.01,0.002,0.146,0.508,0.57,0.125
Gurmar,9,"Paz, Çar","1, 3, 16, 7, 8, 15, 24, 14, 4",0.164,0.259,0.292,0.632,0.639,0.271
Gurmar,13,"Paz, Çar, Pzt","1, 3, 16, 7, 8, 15, 24, 14, 4, 9, 13, 10, 17",0.235,0.298,0.417,0.653,0.653,0.354
Gurmar,17,"Paz, Çar, Pzt, Cum","1, 3, 16, 7, 8, 15, 24, 14, 4, 9, 13, 10, 17, 25, 20, 6, 28",0.336,0.384,0.562,0.752,0.713,0.5
Kim,4,Pzt,"1, 18, 28, 11",0.077,0.105,0.161,0.377,0.355,0.129
Kim,9,"Pzt, Çar","1, 18, 28, 11, 2, 13, 9, 16, 15",0.211,0.268,0.29,0.473,0.472,0.226
Kim,13,"Pzt, Çar, Cmt","1, 18, 28, 11, 2, 13, 9, 16, 15, 4, 14, 10, 7",0.336,0.359,0.419,0.51,0.499,0.323
Kim,17,"Pzt, Çar, Cmt, Per","1, 18, 28, 11, 2, 13, 9, 16, 15, 4, 14, 10, 7, 23, 31, 20, 25",0.704,0.719,0.581,0.675,0.692,0.452
Macrocenter,4,Cum,"8, 11, 5, 20",0.154,0.095,0.143,0.053,0.057,0.086
Macrocenter,9,"Cum, Per","8, 11, 5, 20, 16, 1, 3, 31, 12",0.555,0.657,0.314,0.312,0.226,0.286
Macrocenter,13,"Cum, Per, Pzt","8, 11, 5, 20, 16, 1, 3, 31, 12, 7, 30, 26, 25",0.673,0.831,0.457,0.356,0.239,0.429
Macrocenter,17,"Cum, Per, Pzt, Çar","8, 11, 5, 20, 16, 1, 3, 31, 12, 7, 30, 26, 25, 6, 28, 23, 21",0.772,0.875,0.6,0.493,0.324,0.571
Hapeloglu,4,Çar,"24, 21, 15, 4",0.069,0.103,0.143,0.245,0.214,0.171
Hapeloglu,9,"Çar, Paz","24, 21, 15, 4, 27, 14, 12, 10, 17",0.246,0.342,0.286,0.377,0.327,0.286
Hapeloglu,13,"Çar, Paz, Per","24, 21, 15, 4, 27, 14, 12, 10, 17, 20, 9, 25, 5",0.434,0.488,0.457,0.539,0.458,0.4
Hapeloglu,17,"Çar, Paz, Per, Cum","24, 21, 15, 4, 27, 14, 12, 10, 17, 20, 9, 25, 5, 18, 1, 11, 26",0.504,0.562,0.6,0.596,0.52,0.514
