date,brent_usd
2026-01-02,60.75
2026-01-05,61.7599983215332
2026-01-06,60.70000076293945
2026-01-07,59.959999084472656
2026-01-08,61.9900016784668
2026-01-09,63.34000015258789
2026-01-12,63.869998931884766
2026-01-13,65.47000122070312
2026-01-14,66.5199966430664
2026-01-15,63.7599983215332
2026-01-16,64.12999725341797
2026-01-20,64.91999816894531
2026-01-21,65.23999786376953
2026-01-22,64.05999755859375
2026-01-23,65.87999725341797
2026-01-26,65.58999633789062
2026-01-27,67.56999969482422
2026-01-28,68.4000015258789
2026-01-29,70.70999908447266
2026-01-30,70.69000244140625
2026-02-02,66.30000305175781
2026-02-03,67.33000183105469
2026-02-04,69.45999908447266
2026-02-05,67.55000305175781
2026-02-06,68.05000305175781
2026-02-09,69.04000091552734
2026-02-10,68.80000305175781
2026-02-11,69.4000015258789
2026-02-12,67.5199966430664
2026-02-13,67.75
2026-02-17,67.41999816894531
2026-02-18,70.3499984741211
2026-02-19,71.66000366210938
2026-02-20,71.76000213623047
2026-02-23,71.48999786376953
2026-02-24,70.7699966430664
2026-02-25,70.8499984741211
2026-02-26,70.75
2026-02-27,72.4800033569336
2026-03-02,77.73999786376953
2026-03-03,81.4000015258789
2026-03-04,81.4000015258789
2026-03-05,85.41000366210938
2026-03-06,92.69000244140625
2026-03-09,98.95999908447266
2026-03-10,87.80000305175781
2026-03-11,91.9800033569336
2026-03-12,100.45999908447266
2026-03-13,103.13999938964844
2026-03-16,100.20999908447266
2026-03-17,103.41999816894531
2026-03-18,107.37999725341797
2026-03-19,108.6500015258789
2026-03-20,112.19000244140625
2026-03-23,99.94000244140625
2026-03-24,104.48999786376953
2026-03-25,102.22000122070312
2026-03-26,108.01000213623047
2026-03-27,112.56999969482422
2026-03-30,112.77999877929688
2026-03-31,118.3499984741211
2026-04-01,101.16000366210938
2026-04-02,109.02999877929688
2026-04-06,109.7699966430664
2026-04-07,109.2699966430664
2026-04-08,94.75
2026-04-09,95.91999816894531
2026-04-10,95.19999694824219
2026-04-13,99.36000061035156
2026-04-14,94.79000091552734
2026-04-15,94.93000030517578
2026-04-16,99.38999938964844
2026-04-17,90.37999725341797
2026-04-20,95.4800033569336
2026-04-21,98.4800033569336
2026-04-22,101.91000366210938
2026-04-23,105.06999969482422
2026-04-24,105.33000183105469
2026-04-27,108.2300033569336
2026-04-28,111.26000213623047
2026-04-29,118.02999877929688
2026-04-30,114.01000213623047
2026-05-01,108.16999816894531
2026-05-04,114.44000244140625
2026-05-05,109.87000274658203
2026-05-06,101.2699966430664
2026-05-07,100.05999755859375
2026-05-08,101.29000091552734
2026-05-11,104.20999908447266
2026-05-12,107.7699966430664
2026-05-13,105.62999725341797
2026-05-14,105.72000122070312
2026-05-15,109.26000213623047
2026-05-18,112.0999984741211
2026-05-19,111.27999877929688
2026-05-20,105.0199966430664
2026-05-21,102.58000183105469
2026-05-22,103.54000091552734
2026-05-26,99.58000183105469
2026-05-27,94.29000091552734
2026-05-28,93.70999908447266
2026-05-29,92.05000305175781
2026-06-01,94.9800033569336
2026-06-02,96.0
2026-06-03,97.80999755859375
2026-06-04,95.02999877929688
2026-06-05,93.08999633789062
2026-06-08,94.25
2026-06-09,91.44999694824219
2026-06-10,93.0999984741211
2026-06-11,90.37999725341797
2026-06-12,87.33000183105469
2026-06-15,83.16999816894531
2026-06-16,78.95999908447266
2026-06-17,79.55000305175781
2026-06-18,79.8499984741211
2026-06-22,77.9000015258789
2026-06-23,77.08000183105469
2026-06-24,73.73999786376953
2026-06-25,75.26000213623047
2026-06-26,71.98999786376953
2026-06-29,73.1500015258789
2026-06-30,72.91999816894531
2026-07-01,71.56999969482422
2026-07-02,71.80000305175781
2026-07-06,71.98999786376953
2026-07-07,74.16000366210938
2026-07-08,78.0199966430664
2026-07-09,76.30000305175781
2026-07-10,76.01000213623047
2026-07-13,83.30000305175781
2026-07-14,84.7300033569336
2026-07-15,84.94999694824219
2026-07-16,84.2300033569336
2026-07-17,88.0999984741211
2026-07-20,89.22000122070312
2026-07-21,91.01000213623047
2026-07-22,94.06999969482422
2026-07-23,100.69000244140625
2026-07-24,96.77999877929688
2026-07-27,88.36000061035156
2026-07-28,84.08999633789062
2026-07-29,90.73999786376953
2026-07-30,89.02999877929688
2026-07-31,90.12000274658203
2026-08-03,83.7699966430664
2026-08-04,79.36000061035156
2026-08-05,79.44999694824219
2026-08-06,82.48999786376953
2026-08-07,83.55000305175781
2026-08-10,87.72000122070312
2026-08-11,88.91000366210938
2026-08-12,88.9800033569336
2026-08-13,87.06999969482422
2026-08-14,88.5199966430664
2026-08-17,90.87000274658203
2026-08-18,91.0199966430664
2026-08-19,91.62000274658203
2026-08-20,93.77999877929688
2026-08-21,94.38999938964844
2026-08-24,92.16999816894531
2026-08-25,88.58000183105469
2026-08-26,87.83999633789062
2026-08-27,89.69999694824219
2026-08-28,89.30999755859375
2026-08-31,90.48999786376953
2026-09-01,94.6500015258789
2026-09-02,95.62999725341797
2026-09-03,95.5199966430664
2026-09-04,96.27999877929688
2026-09-08,97.91999816894531
2026-09-09,101.20999908447266
2026-09-10,107.62999725341797
2026-09-11,104.61000061035156
2026-09-14,105.68000030517578
2026-09-15,108.75
2026-09-16,105.83000183105469
2026-09-17,104.81999969482422
2026-09-18,103.87000274658203
2026-09-21,100.33999633789062
2026-09-22,99.25
2026-09-23,103.08000183105469
2026-09-24,106.5999984741211
2026-09-25,104.31999969482422
2026-09-28,105.27999877929688
2026-09-29,102.58999633789062
2026-09-30,103.52999877929688
2026-10-01,102.30999755859375
2026-10-02,102.25
2026-10-05,100.31999969482422
2026-10-06,98.23999786376953
