month,food_mom_pct,headline_mom_pct,release_date,source
2026-01,6.59,4.84,2026-02-03,https://www.alomaliye.com/2026/02/03/enflasyon-rakamlari-tufe-ocak-2026/
2026-02,6.89,2.96,2026-03-03,https://www.alomaliye.com/2026/03/03/enflasyon-rakamlari-tufe-subat-2026/
2026-03,1.80,1.94,2026-04-03,https://www.alomaliye.com/2026/04/03/enflasyon-rakamlari-tufe-mart-2026/
2026-04,3.70,4.18,2026-05-04,https://www.alomaliye.com/2026/05/04/enflasyon-rakamlari-tufe-nisan-2026/
2026-05,-0.48,1.71,2026-06-03,https://www.alomaliye.com/2026/06/05/enflasyon-rakamlari-tufe-mayis-2026/
2026-06,0.17,0.99,2026-07-03,https://www.alomaliye.com/2026/07/03/enflasyon-rakamlari-tufe-haziran-2026/
2026-07,1.61,1.78,2026-08-03,https://www.alomaliye.com/2026/08/03/enflasyon-rakamlari-tufe-temmuz-2026/
2026-08,0.22,1.84,2026-09-03,https://www.alomaliye.com/2026/09/03/enflasyon-rakamlari-tufe-agustos-2026/
2026-09,-0.20,,2026-10-05,https://www.tesk.org.tr/resimler/soneko/ayl%C4%B1ktuketici.pdf
