date,usd_try
2026-01-02,42.99399948120117
2026-01-05,43.01118850708008
2026-01-06,43.03919982910156
2026-01-07,43.04059982299805
2026-01-08,43.036598205566406
2026-01-09,43.12889862060547
2026-01-12,43.10540008544922
2026-01-13,43.14179992675781
2026-01-14,43.152400970458984
2026-01-15,43.16960144042969
2026-01-16,43.27220153808594
2026-01-19,43.26826858520508
2026-01-20,43.276100158691406
2026-01-21,43.289398193359375
2026-01-22,43.295799255371094
2026-01-23,43.339900970458984
2026-01-26,43.38639831542969
2026-01-27,43.38180160522461
2026-01-28,43.41460037231445
2026-01-29,43.40729904174805
2026-01-30,43.455101013183594
2026-02-02,43.48197937011719
2026-02-03,43.47489929199219
2026-02-04,43.49100112915039
2026-02-05,43.519500732421875
2026-02-06,43.60929870605469
2026-02-09,43.46875
2026-02-10,43.58409881591797
2026-02-11,43.627498626708984
2026-02-12,43.63610076904297
2026-02-13,43.72809982299805
2026-02-16,43.69063186645508
2026-02-17,43.722801208496094
2026-02-18,43.734500885009766
2026-02-19,43.763999938964844
2026-02-20,43.83829879760742
2026-02-23,43.80820083618164
2026-02-24,43.84659957885742
2026-02-25,43.854801177978516
2026-02-26,43.8650016784668
2026-02-27,43.95539855957031
2026-03-02,43.9486083984375
2026-03-03,43.96500015258789
2026-03-04,43.948001861572266
2026-03-05,43.93980026245117
2026-03-06,44.03340148925781
2026-03-09,44.083091735839844
2026-03-10,44.07979965209961
2026-03-11,44.088401794433594
2026-03-12,44.0984001159668
2026-03-13,44.18539810180664
2026-03-16,44.17097091674805
2026-03-17,44.18349838256836
2026-03-18,44.21540069580078
2026-03-19,44.319000244140625
2026-03-20,44.3036994934082
2026-03-23,44.29280090332031
2026-03-24,44.338600158691406
2026-03-25,44.339298248291016
2026-03-26,44.35459899902344
2026-03-27,44.45555114746094
2026-03-30,44.4452018737793
2026-03-31,44.473899841308594
2026-04-01,44.454898834228516
2026-04-02,44.48640060424805
2026-04-03,44.55580139160156
2026-04-06,44.58409881591797
2026-04-07,44.605098724365234
2026-04-08,44.567901611328125
2026-04-09,44.48469924926758
2026-04-10,44.638099670410156
2026-04-13,44.69960021972656
2026-04-14,44.702999114990234
2026-04-15,44.7317008972168
2026-04-16,44.72779846191406
2026-04-17,44.8484992980957
2026-04-20,44.85419845581055
2026-04-21,44.885501861572266
2026-04-22,44.9192008972168
2026-04-23,44.920101165771484
2026-04-24,44.975799560546875
2026-04-27,45.01279830932617
2026-04-28,45.02980041503906
2026-04-29,45.060691833496094
2026-04-30,45.16600036621094
2026-05-01,45.14099884033203
2026-05-04,45.185298919677734
2026-05-05,45.21440124511719
2026-05-06,45.22959899902344
2026-05-07,45.227901458740234
2026-05-08,45.223751068115234
2026-05-11,45.352500915527344
2026-05-12,45.38529968261719
2026-05-13,45.40019989013672
2026-05-14,45.43050003051758
2026-05-15,45.54199981689453
2026-05-18,45.49235916137695
2026-05-19,45.57270050048828
2026-05-20,45.58430099487305
2026-05-21,45.59130096435547
2026-05-22,45.71379852294922
2026-05-25,45.72740173339844
2026-05-26,45.897499084472656
2026-05-27,45.893699645996094
2026-05-28,45.892799377441406
2026-05-29,45.89179992675781
2026-06-01,45.897701263427734
2026-06-02,45.92539978027344
2026-06-03,45.945098876953125
2026-06-04,45.97380065917969
2026-06-05,46.06439971923828
2026-06-08,46.09109878540039
2026-06-09,46.10660171508789
2026-06-10,46.119998931884766
2026-06-11,46.150901794433594
2026-06-12,46.24079895019531
2026-06-15,46.26443862915039
2026-06-16,46.284400939941406
2026-06-17,46.30540084838867
2026-06-18,46.44004821777344
2026-06-19,46.419891357421875
2026-06-22,46.45209884643555
2026-06-23,46.46657180786133
2026-06-24,46.47090148925781
2026-06-25,46.50558853149414
2026-06-26,46.57929992675781
2026-06-29,46.6161994934082
2026-06-30,46.64070129394531
2026-07-01,46.654701232910156
2026-07-02,46.67720031738281
2026-07-03,46.7234992980957
2026-07-06,46.80759811401367
2026-07-07,46.81850051879883
2026-07-08,46.851898193359375
2026-07-09,46.868099212646484
2026-07-10,46.94770050048828
2026-07-13,46.986541748046875
2026-07-14,47.02259826660156
2026-07-15,47.02579879760742
2026-07-16,47.036598205566406
2026-07-17,47.10210037231445
2026-07-20,47.14113998413086
2026-07-21,47.180599212646484
2026-07-22,47.19770050048828
2026-07-23,47.212398529052734
2026-07-24,47.31679916381836
2026-07-27,47.35100173950195
2026-07-28,47.354400634765625
2026-07-29,47.383399963378906
2026-07-30,47.36988830566406
2026-07-31,47.501399993896484
2026-08-03,47.53409957885742
2026-08-04,47.540000915527344
2026-08-05,47.568199157714844
2026-08-06,47.55060958862305
2026-08-07,47.6598014831543
2026-08-10,47.69150161743164
2026-08-11,47.72330093383789
2026-08-12,47.75019836425781
2026-08-13,47.757999420166016
2026-08-14,47.87969970703125
2026-08-17,47.857398986816406
2026-08-18,47.90330123901367
2026-08-19,47.910099029541016
2026-08-20,47.94490051269531
2026-08-21,48.042598724365234
2026-08-24,48.0454216003418
2026-08-25,48.07659912109375
2026-08-26,48.11069869995117
2026-08-27,48.13240051269531
2026-08-28,47.99409866333008
2026-08-31,48.24689865112305
2026-09-01,48.26750183105469
2026-09-02,48.281898498535156
2026-09-03,48.31589889526367
2026-09-04,48.429901123046875
2026-09-07,48.42316818237305
2026-09-08,48.44889831542969
2026-09-09,48.46310043334961
2026-09-10,48.487300872802734
2026-09-11,48.592098236083984
2026-09-14,48.608699798583984
2026-09-15,48.624298095703125
2026-09-16,48.65510177612305
2026-09-17,48.667301177978516
2026-09-18,48.776180267333984
2026-09-21,48.77320098876953
2026-09-22,48.80730056762695
2026-09-23,48.83620071411133
2026-09-24,48.85089874267578
2026-09-25,48.94940185546875
2026-09-28,48.97140121459961
2026-09-29,48.99620056152344
2026-09-30,49.008140563964844
2026-10-01,49.02799987792969
2026-10-02,49.11859893798828
2026-10-05,49.15489959716797
2026-10-06,49.17210006713867
